rank,title,year,case_domains,citations_from_all_five_domains,pagerank_x_N,file_name
1,Mrs Maneka Gandhi vs Union Of India Uoi And Anr on 25 January 1978 1,1978,Organized Crime / Extortion,76,31.547289,Mrs_Maneka_Gandhi_vs_Union_Of_India_Uoi_And_Anr_on_25_January_1978_1.PDF
2,Kartar Singh vs State Of Punjab on 11 March 1994 1,1994,Corruption; Organized Crime / Extortion,46,22.908104,Kartar_Singh_vs_State_Of_Punjab_on_11_March_1994_1.PDF
3,Sharad Birdhichand Sarda vs State Of Maharashtra on 17 July 1984 1,1984,Violent Crime / Homicide,27,10.783842,Sharad_Birdhichand_Sarda_vs_State_Of_Maharashtra_on_17_July_1984_1.PDF
4,The State Of West Bengal vs Anwar All Sarkarhabib Mohamed The on 11 January 1952 1,1952,Organized Crime / Extortion; Violent Crime / Homicide,24,15.740039,The_State_Of_West_Bengal_vs_Anwar_All_Sarkarhabib_Mohamed_The_on_11_January_1952_1.PDF
5,Hitendra Vishnu Thakur vs State Of Maharashtra on 12 July 1994 1,1994,Organized Crime / Extortion,23,14.707442,Hitendra_Vishnu_Thakur_vs_State_Of_Maharashtra_on_12_July_1994_1.PDF
6,K Veeraswami vs Union Of India And Others on 25 July 1991 1,1991,Corruption,22,12.197435,K_Veeraswami_vs_Union_Of_India_And_Others_on_25_July_1991_1.PDF
7,Dhananjoy Chaterjee vs State Of W B on 11 January 1994 1,1994,Violent Crime / Homicide,22,11.967756,Dhananjoy_Chaterjee_vs_State_Of_W_B_on_11_January_1994_1.PDF
8,Bachan Singh vs State Of Punjab on 9 May 1980 1,1980,Violent Crime / Homicide,22,8.9342,Bachan_Singh_vs_State_Of_Punjab_on_9_May_1980_1.PDF
9,A K Gopalan vs The State Of Madras Union Of India  on 19 May 1950 1,1950,Organized Crime / Extortion,21,22.704266,A_K_Gopalan_vs_The_State_Of_Madras_Union_Of_India__on_19_May_1950_1.PDF
10,Maru Ram And Ors vs Union Of India Uoi And Ors on 11 November 1980 1,1980,Violent Crime / Homicide,21,9.197908,Maru_Ram_And_Ors_vs_Union_Of_India_Uoi_And_Ors_on_11_November_1980_1.PDF
11,Sunjay Datt vs State Ii on 9 September 1994 1,1994,Organized Crime / Extortion,19,6.488672,Sunjay_Datt_vs_State_Ii_on_9_September_1994_1.PDF
12,State Of Andhra Pradesh And Ors Etc vs Mcdowell Co And Ors Etc on 21 March 1996 1,1996,Organized Crime / Extortion,19,6.332788,State_Of_Andhra_Pradesh_And_Ors_Etc_vs_Mcdowell_Co_And_Ors_Etc_on_21_March_1996_1.PDF
13,Atley vs State Of Uttar Pradesh on 16 September 1955 1,1955,Violent Crime / Homicide,18,9.330488,Atley_vs_State_Of_Uttar_Pradesh_on_16_September_1955_1.PDF
14,Dalip Singh And Others vs State Of Punjab on 15 May 1953 1,1953,Violent Crime / Homicide,17,9.093284,Dalip_Singh_And_Others_vs_State_Of_Punjab_on_15_May_1953_1.PDF
15,In Re  The Special Courts Bill 1978 vs Unknown on 1 December 1978 1,1978,Organized Crime / Extortion,16,6.248216,In_Re__The_Special_Courts_Bill_1978_vs_Unknown_on_1_December_1978_1.PDF
16,Balbir Singh vs State Of Punjab on 27 September 1956 1,1956,Violent Crime / Homicide,14,5.535138,Balbir_Singh_vs_State_Of_Punjab_on_27_September_1956_1.PDF
17,Kushal Rao vs The State Of Bombay on 25 September 1957 1,1957,Violent Crime / Homicide,13,7.498136,Kushal_Rao_vs_The_State_Of_Bombay_on_25_September_1957_1.PDF
18,Romesh Thappar vs The State Of Madras on 26 May 1950 1,1950,Violent Crime / Homicide,13,5.473089,Romesh_Thappar_vs_The_State_Of_Madras_on_26_May_1950_1.PDF
19,Eradu And Ors vs State Of Hyderabad on 1 November 1955 1,1955,Financial Fraud; Organized Crime / Extortion; Violent Crime / Homicide,13,3.272222,Eradu_And_Ors_vs_State_Of_Hyderabad_on_1_November_1955_1.PDF
20,Kishun Singh And Ors vs State Of Bihar on 11 January 1993 1,1993,Financial Fraud,12,39.913831,Kishun_Singh_And_Ors_vs_State_Of_Bihar_on_11_January_1993_1.PDF
