domain,rank,title,year,citations_same_domain,citations_from_all_five_domains,file_name
Corruption,1,K Veeraswami vs Union Of India And Others on 25 July 1991 1,1991,15,22,K_Veeraswami_vs_Union_Of_India_And_Others_on_25_July_1991_1.PDF
Corruption,2,Kartar Singh vs State Of Punjab on 11 March 1994 1,1994,5,46,Kartar_Singh_vs_State_Of_Punjab_on_11_March_1994_1.PDF
Corruption,3,Om Prakash Gupta vs State Of U P With Connected Appeals on 11 January 1957 1,1957,5,7,Om_Prakash_Gupta_vs_State_Of_U_P_With_Connected_Appeals_on_11_January_1957_1.PDF
Corruption,4,Suraj Mal vs State Delhi Administration on 13 February 1979 1,1979,5,7,Suraj_Mal_vs_State_Delhi_Administration_on_13_February_1979_1.PDF
Corruption,5,B C Chaturvedi vs Union Of India And Ors on 1 November 1995 1,1995,5,6,B_C_Chaturvedi_vs_Union_Of_India_And_Ors_on_1_November_1995_1.PDF
Corruption,6,R Balakrishna Pillai vs State Of Kerala Anr on 5 December 1995 1,1995,5,5,R_Balakrishna_Pillai_vs_State_Of_Kerala_Anr_on_5_December_1995_1.PDF
Corruption,7,The State Of Madras vs A Vaidyanatha Iyer on 26 September 1957 1,1957,4,11,The_State_Of_Madras_vs_A_Vaidyanatha_Iyer_on_26_September_1957_1.PDF
Corruption,8,S A Venkataraman vs The State And Connected Appeal on 3 December 1957 1,1957,4,4,S_A_Venkataraman_vs_The_State_And_Connected_Appeal_on_3_December_1957_1.PDF
Corruption,9,Kedar Nath Bajoria vs The State Of West Bengal Hari Ram on 22 May 1953 1,1953,3,7,Kedar_Nath_Bajoria_vs_The_State_Of_West_Bengal_Hari_Ram_on_22_May_1953_1.PDF
Corruption,10,Panalal Damodar Rathi vs State Of Maharashtra on 24 January 1979 1,1979,3,4,Panalal_Damodar_Rathi_vs_State_Of_Maharashtra_on_24_January_1979_1.PDF
Financial Fraud,1,Kishun Singh And Ors vs State Of Bihar on 11 January 1993 1,1993,11,12,Kishun_Singh_And_Ors_vs_State_Of_Bihar_on_11_January_1993_1.PDF
Financial Fraud,2,Purushottamdas Dalmia vs The State Of West Bengal on 19 April 1961 1,1961,4,5,Purushottamdas_Dalmia_vs_The_State_Of_West_Bengal_on_19_April_1961_1.PDF
Financial Fraud,3,Hari Prasad Chamaria vs Bishun Kumar Surekha And Ors on 6 September 1973 1,1973,4,4,Hari_Prasad_Chamaria_vs_Bishun_Kumar_Surekha_And_Ors_on_6_September_1973_1.PDF
Financial Fraud,4,Om Prakash Gupta vs State Of U P With Connected Appeals on 11 January 1957 1,1957,3,7,Om_Prakash_Gupta_vs_State_Of_U_P_With_Connected_Appeals_on_11_January_1957_1.PDF
Financial Fraud,5,Surajpal Singh And Others vs The State on 20 December 1951 1,1951,3,5,Surajpal_Singh_And_Others_vs_The_State_on_20_December_1951_1.PDF
Financial Fraud,6,Harihar Prasad Etc vs State Of Bihar on 7 September 1971 1,1971,3,4,Harihar_Prasad_Etc_vs_State_Of_Bihar_on_7_September_1971_1.PDF
Financial Fraud,7,Mahadeo Prasad vs State Of West Bengal on 13 January 1954 1,1954,3,4,Mahadeo_Prasad_vs_State_Of_West_Bengal_on_13_January_1954_1.PDF
Financial Fraud,8,Gokak Patel Volkart Ltd vs Dundayya Gurushiddaiah Hiremath And on 14 February 1991 1,1991,3,3,Gokak_Patel_Volkart_Ltd_vs_Dundayya_Gurushiddaiah_Hiremath_And_on_14_February_1991_1.PDF
Financial Fraud,9,Jaswantrai Manilal Akhaney vs The State Of Bombay on 4 May 1956 1,1956,3,3,Jaswantrai_Manilal_Akhaney_vs_The_State_Of_Bombay_on_4_May_1956_1.PDF
Financial Fraud,10,Ram Lal Narang Etc Etc vs State Of Delhi Admn on 10 January 1979 1,1979,2,11,Ram_Lal_Narang_Etc_Etc_vs_State_Of_Delhi_Admn_on_10_January_1979_1.PDF
Organized Crime / Extortion,1,Mrs Maneka Gandhi vs Union Of India Uoi And Anr on 25 January 1978 1,1978,39,76,Mrs_Maneka_Gandhi_vs_Union_Of_India_Uoi_And_Anr_on_25_January_1978_1.PDF
Organized Crime / Extortion,2,Kartar Singh vs State Of Punjab on 11 March 1994 1,1994,28,46,Kartar_Singh_vs_State_Of_Punjab_on_11_March_1994_1.PDF
Organized Crime / Extortion,3,A K Gopalan vs The State Of Madras Union Of India  on 19 May 1950 1,1950,17,21,A_K_Gopalan_vs_The_State_Of_Madras_Union_Of_India__on_19_May_1950_1.PDF
Organized Crime / Extortion,4,Hitendra Vishnu Thakur vs State Of Maharashtra on 12 July 1994 1,1994,16,23,Hitendra_Vishnu_Thakur_vs_State_Of_Maharashtra_on_12_July_1994_1.PDF
Organized Crime / Extortion,5,The State Of West Bengal vs Anwar All Sarkarhabib Mohamed The on 11 January 1952 1,1952,15,24,The_State_Of_West_Bengal_vs_Anwar_All_Sarkarhabib_Mohamed_The_on_11_January_1952_1.PDF
Organized Crime / Extortion,6,State Of Andhra Pradesh And Ors Etc vs Mcdowell Co And Ors Etc on 21 March 1996 1,1996,13,19,State_Of_Andhra_Pradesh_And_Ors_Etc_vs_Mcdowell_Co_And_Ors_Etc_on_21_March_1996_1.PDF
Organized Crime / Extortion,7,Sunjay Datt vs State Ii on 9 September 1994 1,1994,11,19,Sunjay_Datt_vs_State_Ii_on_9_September_1994_1.PDF
Organized Crime / Extortion,8,In Re  The Special Courts Bill 1978 vs Unknown on 1 December 1978 1,1978,11,16,In_Re__The_Special_Courts_Bill_1978_vs_Unknown_on_1_December_1978_1.PDF
Organized Crime / Extortion,9,M P Sharma And Others vs Satish Chandra District on 15 March 1954 1,1954,7,12,M_P_Sharma_And_Others_vs_Satish_Chandra_District_on_15_March_1954_1.PDF
Organized Crime / Extortion,10,R K Garg And Ors vs Union Of India Uoi And Ors on 13 November 1981 1,1981,7,12,R_K_Garg_And_Ors_vs_Union_Of_India_Uoi_And_Ors_on_13_November_1981_1.PDF
Violent Crime / Homicide,1,Sharad Birdhichand Sarda vs State Of Maharashtra on 17 July 1984 1,1984,25,27,Sharad_Birdhichand_Sarda_vs_State_Of_Maharashtra_on_17_July_1984_1.PDF
Violent Crime / Homicide,2,Dhananjoy Chaterjee vs State Of W B on 11 January 1994 1,1994,21,22,Dhananjoy_Chaterjee_vs_State_Of_W_B_on_11_January_1994_1.PDF
Violent Crime / Homicide,3,Bachan Singh vs State Of Punjab on 9 May 1980 1,1980,20,22,Bachan_Singh_vs_State_Of_Punjab_on_9_May_1980_1.PDF
Violent Crime / Homicide,4,Dalip Singh And Others vs State Of Punjab on 15 May 1953 1,1953,17,17,Dalip_Singh_And_Others_vs_State_Of_Punjab_on_15_May_1953_1.PDF
Violent Crime / Homicide,5,Maru Ram And Ors vs Union Of India Uoi And Ors on 11 November 1980 1,1980,15,21,Maru_Ram_And_Ors_vs_Union_Of_India_Uoi_And_Ors_on_11_November_1980_1.PDF
Violent Crime / Homicide,6,Atley vs State Of Uttar Pradesh on 16 September 1955 1,1955,15,18,Atley_vs_State_Of_Uttar_Pradesh_on_16_September_1955_1.PDF
Violent Crime / Homicide,7,Kushal Rao vs The State Of Bombay on 25 September 1957 1,1957,13,13,Kushal_Rao_vs_The_State_Of_Bombay_on_25_September_1957_1.PDF
Violent Crime / Homicide,8,Balbir Singh vs State Of Punjab on 27 September 1956 1,1956,12,14,Balbir_Singh_vs_State_Of_Punjab_on_27_September_1956_1.PDF
Violent Crime / Homicide,9,Eradu And Ors vs State Of Hyderabad on 1 November 1955 1,1955,12,13,Eradu_And_Ors_vs_State_Of_Hyderabad_on_1_November_1955_1.PDF
Violent Crime / Homicide,10,Ugar Ahir And Ors vs The State Of Bihar on 6 March 1964 1,1964,12,12,Ugar_Ahir_And_Ors_vs_The_State_Of_Bihar_on_6_March_1964_1.PDF
