domain,snapshot_year,nodes,new_nodes_since_previous,edges,mean_in_degree,pct_cited_at_least_once
Corruption,1960,27,27,0,0.0,0.0
Corruption,1970,61,34,0,0.0,0.0
Corruption,1980,145,84,4,0.027586,2.758621
Corruption,1990,184,39,6,0.032609,2.717391
Corruption,2000,245,61,21,0.085714,6.530612
Corruption,2010,323,78,35,0.108359,7.120743
Corruption,2020,475,152,72,0.151579,6.105263
Corruption,2025,548,73,85,0.155109,5.474453
Digital Financial Fraud,1960,1,1,0,0.0,0.0
Digital Financial Fraud,1970,1,0,0,0.0,0.0
Digital Financial Fraud,1980,1,0,0,0.0,0.0
Digital Financial Fraud,1990,1,0,0,0.0,0.0
Digital Financial Fraud,2000,1,0,0,0.0,0.0
Digital Financial Fraud,2010,5,4,0,0.0,0.0
Digital Financial Fraud,2020,19,14,0,0.0,0.0
Digital Financial Fraud,2025,42,23,0,0.0,0.0
Financial Fraud,1960,54,54,0,0.0,0.0
Financial Fraud,1970,143,89,1,0.006993,0.699301
Financial Fraud,1980,230,87,1,0.004348,0.434783
Financial Fraud,1990,271,41,4,0.01476,1.476015
Financial Fraud,2000,345,74,17,0.049275,4.057971
Financial Fraud,2010,462,117,32,0.069264,4.329004
Financial Fraud,2020,640,178,52,0.08125,4.21875
Financial Fraud,2025,783,143,65,0.083014,3.831418
Organized Crime / Extortion,1960,62,62,0,0.0,0.0
Organized Crime / Extortion,1970,134,72,0,0.0,0.0
Organized Crime / Extortion,1980,210,76,20,0.095238,5.238095
Organized Crime / Extortion,1990,300,90,34,0.113333,4.333333
Organized Crime / Extortion,2000,407,107,81,0.199017,7.862408
Organized Crime / Extortion,2010,551,144,111,0.201452,7.259528
Organized Crime / Extortion,2020,793,242,224,0.282472,6.30517
Organized Crime / Extortion,2025,955,162,264,0.27644,5.65445
Violent Crime / Homicide,1960,96,96,0,0.0,0.0
Violent Crime / Homicide,1970,228,132,0,0.0,0.0
Violent Crime / Homicide,1980,527,299,11,0.020873,1.70778
Violent Crime / Homicide,1990,736,209,29,0.039402,2.98913
Violent Crime / Homicide,2000,1048,312,102,0.097328,6.774809
Violent Crime / Homicide,2010,1470,422,267,0.181633,8.29932
Violent Crime / Homicide,2020,2032,562,495,0.243602,7.874016
Violent Crime / Homicide,2025,2294,262,571,0.24891,7.323452
Combined (all domains),1960,212,212,0,0.0,0.0
Combined (all domains),1970,500,288,1,0.002,0.2
Combined (all domains),1980,1011,511,52,0.051434,3.264095
Combined (all domains),1990,1360,349,101,0.074265,3.970588
Combined (all domains),2000,1867,507,282,0.151044,8.141403
Combined (all domains),2010,2564,697,568,0.221529,9.087363
Combined (all domains),2020,3591,1027,1136,0.316346,8.159287
Combined (all domains),2025,4172,581,1371,0.328619,7.334612
