domain,file_name,title,case_year,final_rank_by_pagerank,snapshot_year,cumulative_in_degree,pagerank_x_N
Corruption,R_Balakrishna_Pillai_vs_State_Of_Kerala_Anr_on_5_December_1995_1.PDF,R Balakrishna Pillai vs State Of Kerala Anr on 5 December 1995 1,1995,1,1960,,
Corruption,S_A_Venkataraman_vs_The_State_And_Connected_Appeal_on_3_December_1957_1.PDF,S A Venkataraman vs The State And Connected Appeal on 3 December 1957 1,1957,2,1960,0.0,1.0
Corruption,K_Veeraswami_vs_Union_Of_India_And_Others_on_25_July_1991_1.PDF,K Veeraswami vs Union Of India And Others on 25 July 1991 1,1991,3,1960,,
Corruption,State_Of_Orissa_And_Ors_vs_Kalicharan_Mohapatra_And_Anr_on_20_September_1995_1.PDF,State Of Orissa And Ors vs Kalicharan Mohapatra And Anr on 20 September 1995 1,1995,4,1960,,
Corruption,Krishnanand_vs_The_State_Of_Madhya_Pradesh_on_17_December_1976_1.PDF,Krishnanand vs The State Of Madhya Pradesh on 17 December 1976 1,1976,5,1960,,
Corruption,Kedar_Nath_Bajoria_vs_The_State_Of_West_Bengal_Hari_Ram_on_22_May_1953_1.PDF,Kedar Nath Bajoria vs The State Of West Bengal Hari Ram on 22 May 1953 1,1953,6,1960,0.0,1.0
Corruption,B_C_Chaturvedi_vs_Union_Of_India_And_Ors_on_1_November_1995_1.PDF,B C Chaturvedi vs Union Of India And Ors on 1 November 1995 1,1995,7,1960,,
Corruption,Kartar_Singh_vs_State_Of_Punjab_on_11_March_1994_1.PDF,Kartar Singh vs State Of Punjab on 11 March 1994 1,1994,8,1960,,
Corruption,Om_Prakash_Gupta_vs_State_Of_U_P_With_Connected_Appeals_on_11_January_1957_1.PDF,Om Prakash Gupta vs State Of U P With Connected Appeals on 11 January 1957 1,1957,9,1960,0.0,1.0
Corruption,The_State_Of_Madras_vs_A_Vaidyanatha_Iyer_on_26_September_1957_1.PDF,The State Of Madras vs A Vaidyanatha Iyer on 26 September 1957 1,1957,9,1960,0.0,1.0
Corruption,R_Balakrishna_Pillai_vs_State_Of_Kerala_Anr_on_5_December_1995_1.PDF,R Balakrishna Pillai vs State Of Kerala Anr on 5 December 1995 1,1995,1,1970,,
Corruption,S_A_Venkataraman_vs_The_State_And_Connected_Appeal_on_3_December_1957_1.PDF,S A Venkataraman vs The State And Connected Appeal on 3 December 1957 1,1957,2,1970,0.0,1.0
Corruption,K_Veeraswami_vs_Union_Of_India_And_Others_on_25_July_1991_1.PDF,K Veeraswami vs Union Of India And Others on 25 July 1991 1,1991,3,1970,,
Corruption,State_Of_Orissa_And_Ors_vs_Kalicharan_Mohapatra_And_Anr_on_20_September_1995_1.PDF,State Of Orissa And Ors vs Kalicharan Mohapatra And Anr on 20 September 1995 1,1995,4,1970,,
Corruption,Krishnanand_vs_The_State_Of_Madhya_Pradesh_on_17_December_1976_1.PDF,Krishnanand vs The State Of Madhya Pradesh on 17 December 1976 1,1976,5,1970,,
Corruption,Kedar_Nath_Bajoria_vs_The_State_Of_West_Bengal_Hari_Ram_on_22_May_1953_1.PDF,Kedar Nath Bajoria vs The State Of West Bengal Hari Ram on 22 May 1953 1,1953,6,1970,0.0,1.0
Corruption,B_C_Chaturvedi_vs_Union_Of_India_And_Ors_on_1_November_1995_1.PDF,B C Chaturvedi vs Union Of India And Ors on 1 November 1995 1,1995,7,1970,,
Corruption,Kartar_Singh_vs_State_Of_Punjab_on_11_March_1994_1.PDF,Kartar Singh vs State Of Punjab on 11 March 1994 1,1994,8,1970,,
Corruption,Om_Prakash_Gupta_vs_State_Of_U_P_With_Connected_Appeals_on_11_January_1957_1.PDF,Om Prakash Gupta vs State Of U P With Connected Appeals on 11 January 1957 1,1957,9,1970,0.0,1.0
Corruption,The_State_Of_Madras_vs_A_Vaidyanatha_Iyer_on_26_September_1957_1.PDF,The State Of Madras vs A Vaidyanatha Iyer on 26 September 1957 1,1957,9,1970,0.0,1.0
Corruption,R_Balakrishna_Pillai_vs_State_Of_Kerala_Anr_on_5_December_1995_1.PDF,R Balakrishna Pillai vs State Of Kerala Anr on 5 December 1995 1,1995,1,1980,,
Corruption,S_A_Venkataraman_vs_The_State_And_Connected_Appeal_on_3_December_1957_1.PDF,S A Venkataraman vs The State And Connected Appeal on 3 December 1957 1,1957,2,1980,0.0,0.982718
Corruption,K_Veeraswami_vs_Union_Of_India_And_Others_on_25_July_1991_1.PDF,K Veeraswami vs Union Of India And Others on 25 July 1991 1,1991,3,1980,,
Corruption,State_Of_Orissa_And_Ors_vs_Kalicharan_Mohapatra_And_Anr_on_20_September_1995_1.PDF,State Of Orissa And Ors vs Kalicharan Mohapatra And Anr on 20 September 1995 1,1995,4,1980,,
Corruption,Krishnanand_vs_The_State_Of_Madhya_Pradesh_on_17_December_1976_1.PDF,Krishnanand vs The State Of Madhya Pradesh on 17 December 1976 1,1976,5,1980,0.0,0.982718
Corruption,Kedar_Nath_Bajoria_vs_The_State_Of_West_Bengal_Hari_Ram_on_22_May_1953_1.PDF,Kedar Nath Bajoria vs The State Of West Bengal Hari Ram on 22 May 1953 1,1953,6,1980,0.0,0.982718
Corruption,B_C_Chaturvedi_vs_Union_Of_India_And_Ors_on_1_November_1995_1.PDF,B C Chaturvedi vs Union Of India And Ors on 1 November 1995 1,1995,7,1980,,
Corruption,Kartar_Singh_vs_State_Of_Punjab_on_11_March_1994_1.PDF,Kartar Singh vs State Of Punjab on 11 March 1994 1,1994,8,1980,,
Corruption,Om_Prakash_Gupta_vs_State_Of_U_P_With_Connected_Appeals_on_11_January_1957_1.PDF,Om Prakash Gupta vs State Of U P With Connected Appeals on 11 January 1957 1,1957,9,1980,1.0,1.818032
Corruption,The_State_Of_Madras_vs_A_Vaidyanatha_Iyer_on_26_September_1957_1.PDF,The State Of Madras vs A Vaidyanatha Iyer on 26 September 1957 1,1957,9,1980,0.0,0.982718
Corruption,R_Balakrishna_Pillai_vs_State_Of_Kerala_Anr_on_5_December_1995_1.PDF,R Balakrishna Pillai vs State Of Kerala Anr on 5 December 1995 1,1995,1,1990,,
Corruption,S_A_Venkataraman_vs_The_State_And_Connected_Appeal_on_3_December_1957_1.PDF,S A Venkataraman vs The State And Connected Appeal on 3 December 1957 1,1957,2,1990,0.0,0.981857
Corruption,K_Veeraswami_vs_Union_Of_India_And_Others_on_25_July_1991_1.PDF,K Veeraswami vs Union Of India And Others on 25 July 1991 1,1991,3,1990,,
Corruption,State_Of_Orissa_And_Ors_vs_Kalicharan_Mohapatra_And_Anr_on_20_September_1995_1.PDF,State Of Orissa And Ors vs Kalicharan Mohapatra And Anr on 20 September 1995 1,1995,4,1990,,
Corruption,Krishnanand_vs_The_State_Of_Madhya_Pradesh_on_17_December_1976_1.PDF,Krishnanand vs The State Of Madhya Pradesh on 17 December 1976 1,1976,5,1990,0.0,0.981857
Corruption,Kedar_Nath_Bajoria_vs_The_State_Of_West_Bengal_Hari_Ram_on_22_May_1953_1.PDF,Kedar Nath Bajoria vs The State Of West Bengal Hari Ram on 22 May 1953 1,1953,6,1990,0.0,0.981857
Corruption,B_C_Chaturvedi_vs_Union_Of_India_And_Ors_on_1_November_1995_1.PDF,B C Chaturvedi vs Union Of India And Ors on 1 November 1995 1,1995,7,1990,,
Corruption,Kartar_Singh_vs_State_Of_Punjab_on_11_March_1994_1.PDF,Kartar Singh vs State Of Punjab on 11 March 1994 1,1994,8,1990,,
Corruption,Om_Prakash_Gupta_vs_State_Of_U_P_With_Connected_Appeals_on_11_January_1957_1.PDF,Om Prakash Gupta vs State Of U P With Connected Appeals on 11 January 1957 1,1957,9,1990,2.0,2.233732
Corruption,The_State_Of_Madras_vs_A_Vaidyanatha_Iyer_on_26_September_1957_1.PDF,The State Of Madras vs A Vaidyanatha Iyer on 26 September 1957 1,1957,9,1990,0.0,0.981857
Corruption,R_Balakrishna_Pillai_vs_State_Of_Kerala_Anr_on_5_December_1995_1.PDF,R Balakrishna Pillai vs State Of Kerala Anr on 5 December 1995 1,1995,1,2000,1.0,5.950198
Corruption,S_A_Venkataraman_vs_The_State_And_Connected_Appeal_on_3_December_1957_1.PDF,S A Venkataraman vs The State And Connected Appeal on 3 December 1957 1,1957,2,2000,3.0,4.457326
Corruption,K_Veeraswami_vs_Union_Of_India_And_Others_on_25_July_1991_1.PDF,K Veeraswami vs Union Of India And Others on 25 July 1991 1,1991,3,2000,3.0,2.824493
Corruption,State_Of_Orissa_And_Ors_vs_Kalicharan_Mohapatra_And_Anr_on_20_September_1995_1.PDF,State Of Orissa And Ors vs Kalicharan Mohapatra And Anr on 20 September 1995 1,1995,4,2000,1.0,5.950198
Corruption,Krishnanand_vs_The_State_Of_Madhya_Pradesh_on_17_December_1976_1.PDF,Krishnanand vs The State Of Madhya Pradesh on 17 December 1976 1,1976,5,2000,1.0,1.672059
Corruption,Kedar_Nath_Bajoria_vs_The_State_Of_West_Bengal_Hari_Ram_on_22_May_1953_1.PDF,Kedar Nath Bajoria vs The State Of West Bengal Hari Ram on 22 May 1953 1,1953,6,2000,1.0,1.672059
Corruption,B_C_Chaturvedi_vs_Union_Of_India_And_Ors_on_1_November_1995_1.PDF,B C Chaturvedi vs Union Of India And Ors on 1 November 1995 1,1995,7,2000,0.0,0.903769
Corruption,Kartar_Singh_vs_State_Of_Punjab_on_11_March_1994_1.PDF,Kartar Singh vs State Of Punjab on 11 March 1994 1,1994,8,2000,0.0,0.903769
Corruption,Om_Prakash_Gupta_vs_State_Of_U_P_With_Connected_Appeals_on_11_January_1957_1.PDF,Om Prakash Gupta vs State Of U P With Connected Appeals on 11 January 1957 1,1957,9,2000,2.0,2.056204
Corruption,The_State_Of_Madras_vs_A_Vaidyanatha_Iyer_on_26_September_1957_1.PDF,The State Of Madras vs A Vaidyanatha Iyer on 26 September 1957 1,1957,9,2000,0.0,0.903769
Corruption,R_Balakrishna_Pillai_vs_State_Of_Kerala_Anr_on_5_December_1995_1.PDF,R Balakrishna Pillai vs State Of Kerala Anr on 5 December 1995 1,1995,1,2010,1.0,5.830173
Corruption,S_A_Venkataraman_vs_The_State_And_Connected_Appeal_on_3_December_1957_1.PDF,S A Venkataraman vs The State And Connected Appeal on 3 December 1957 1,1957,2,2010,4.0,5.812719
Corruption,K_Veeraswami_vs_Union_Of_India_And_Others_on_25_July_1991_1.PDF,K Veeraswami vs Union Of India And Others on 25 July 1991 1,1991,3,2010,4.0,3.552371
Corruption,State_Of_Orissa_And_Ors_vs_Kalicharan_Mohapatra_And_Anr_on_20_September_1995_1.PDF,State Of Orissa And Ors vs Kalicharan Mohapatra And Anr on 20 September 1995 1,1995,4,2010,1.0,5.830173
Corruption,Krishnanand_vs_The_State_Of_Madhya_Pradesh_on_17_December_1976_1.PDF,Krishnanand vs The State Of Madhya Pradesh on 17 December 1976 1,1976,5,2010,1.0,1.653237
Corruption,Kedar_Nath_Bajoria_vs_The_State_Of_West_Bengal_Hari_Ram_on_22_May_1953_1.PDF,Kedar Nath Bajoria vs The State Of West Bengal Hari Ram on 22 May 1953 1,1953,6,2010,1.0,2.299051
Corruption,B_C_Chaturvedi_vs_Union_Of_India_And_Ors_on_1_November_1995_1.PDF,B C Chaturvedi vs Union Of India And Ors on 1 November 1995 1,1995,7,2010,0.0,0.893583
Corruption,Kartar_Singh_vs_State_Of_Punjab_on_11_March_1994_1.PDF,Kartar Singh vs State Of Punjab on 11 March 1994 1,1994,8,2010,1.0,1.653237
Corruption,Om_Prakash_Gupta_vs_State_Of_U_P_With_Connected_Appeals_on_11_January_1957_1.PDF,Om Prakash Gupta vs State Of U P With Connected Appeals on 11 January 1957 1,1957,9,2010,4.0,3.172544
Corruption,The_State_Of_Madras_vs_A_Vaidyanatha_Iyer_on_26_September_1957_1.PDF,The State Of Madras vs A Vaidyanatha Iyer on 26 September 1957 1,1957,9,2010,3.0,3.172544
Corruption,R_Balakrishna_Pillai_vs_State_Of_Kerala_Anr_on_5_December_1995_1.PDF,R Balakrishna Pillai vs State Of Kerala Anr on 5 December 1995 1,1995,1,2020,4.0,14.999501
Corruption,S_A_Venkataraman_vs_The_State_And_Connected_Appeal_on_3_December_1957_1.PDF,S A Venkataraman vs The State And Connected Appeal on 3 December 1957 1,1957,2,2020,4.0,9.394673
Corruption,K_Veeraswami_vs_Union_Of_India_And_Others_on_25_July_1991_1.PDF,K Veeraswami vs Union Of India And Others on 25 July 1991 1,1991,3,2020,11.0,7.537305
Corruption,State_Of_Orissa_And_Ors_vs_Kalicharan_Mohapatra_And_Anr_on_20_September_1995_1.PDF,State Of Orissa And Ors vs Kalicharan Mohapatra And Anr on 20 September 1995 1,1995,4,2020,1.0,5.57081
Corruption,Krishnanand_vs_The_State_Of_Madhya_Pradesh_on_17_December_1976_1.PDF,Krishnanand vs The State Of Madhya Pradesh on 17 December 1976 1,1976,5,2020,2.0,3.623894
Corruption,Kedar_Nath_Bajoria_vs_The_State_Of_West_Bengal_Hari_Ram_on_22_May_1953_1.PDF,Kedar Nath Bajoria vs The State Of West Bengal Hari Ram on 22 May 1953 1,1953,6,2020,3.0,5.098627
Corruption,B_C_Chaturvedi_vs_Union_Of_India_And_Ors_on_1_November_1995_1.PDF,B C Chaturvedi vs Union Of India And Ors on 1 November 1995 1,1995,7,2020,3.0,3.04091
Corruption,Kartar_Singh_vs_State_Of_Punjab_on_11_March_1994_1.PDF,Kartar Singh vs State Of Punjab on 11 March 1994 1,1994,8,2020,5.0,4.133133
Corruption,Om_Prakash_Gupta_vs_State_Of_U_P_With_Connected_Appeals_on_11_January_1957_1.PDF,Om Prakash Gupta vs State Of U P With Connected Appeals on 11 January 1957 1,1957,9,2020,5.0,3.769059
Corruption,The_State_Of_Madras_vs_A_Vaidyanatha_Iyer_on_26_September_1957_1.PDF,The State Of Madras vs A Vaidyanatha Iyer on 26 September 1957 1,1957,9,2020,3.0,3.04091
Corruption,R_Balakrishna_Pillai_vs_State_Of_Kerala_Anr_on_5_December_1995_1.PDF,R Balakrishna Pillai vs State Of Kerala Anr on 5 December 1995 1,1995,1,2025,5.0,17.156187
Corruption,S_A_Venkataraman_vs_The_State_And_Connected_Appeal_on_3_December_1957_1.PDF,S A Venkataraman vs The State And Connected Appeal on 3 December 1957 1,1957,2,2025,4.0,12.08338
Corruption,K_Veeraswami_vs_Union_Of_India_And_Others_on_25_July_1991_1.PDF,K Veeraswami vs Union Of India And Others on 25 July 1991 1,1991,3,2025,15.0,10.721548
Corruption,State_Of_Orissa_And_Ors_vs_Kalicharan_Mohapatra_And_Anr_on_20_September_1995_1.PDF,State Of Orissa And Ors vs Kalicharan Mohapatra And Anr on 20 September 1995 1,1995,4,2025,1.0,5.509633
Corruption,Krishnanand_vs_The_State_Of_Madhya_Pradesh_on_17_December_1976_1.PDF,Krishnanand vs The State Of Madhya Pradesh on 17 December 1976 1,1976,5,2025,3.0,5.072508
Corruption,Kedar_Nath_Bajoria_vs_The_State_Of_West_Bengal_Hari_Ram_on_22_May_1953_1.PDF,Kedar Nath Bajoria vs The State Of West Bengal Hari Ram on 22 May 1953 1,1953,6,2025,3.0,5.066391
Corruption,B_C_Chaturvedi_vs_Union_Of_India_And_Ors_on_1_November_1995_1.PDF,B C Chaturvedi vs Union Of India And Ors on 1 November 1995 1,1995,7,2025,5.0,4.468683
Corruption,Kartar_Singh_vs_State_Of_Punjab_on_11_March_1994_1.PDF,Kartar Singh vs State Of Punjab on 11 March 1994 1,1994,8,2025,5.0,4.106916
Corruption,Om_Prakash_Gupta_vs_State_Of_U_P_With_Connected_Appeals_on_11_January_1957_1.PDF,Om Prakash Gupta vs State Of U P With Connected Appeals on 11 January 1957 1,1957,9,2025,5.0,3.745149
Corruption,The_State_Of_Madras_vs_A_Vaidyanatha_Iyer_on_26_September_1957_1.PDF,The State Of Madras vs A Vaidyanatha Iyer on 26 September 1957 1,1957,9,2025,4.0,3.745149
Financial Fraud,Kishun_Singh_And_Ors_vs_State_Of_Bihar_on_11_January_1993_1.PDF,Kishun Singh And Ors vs State Of Bihar on 11 January 1993 1,1993,1,1960,,
Financial Fraud,Gokak_Patel_Volkart_Ltd_vs_Dundayya_Gurushiddaiah_Hiremath_And_on_14_February_1991_1.PDF,Gokak Patel Volkart Ltd vs Dundayya Gurushiddaiah Hiremath And on 14 February 1991 1,1991,2,1960,,
Financial Fraud,Anil_Saran_vs_The_State_Of_Bihar_And_Another_on_24_August_1995_1.PDF,Anil Saran vs The State Of Bihar And Another on 24 August 1995 1,1995,3,1960,,
Financial Fraud,Radhey_Shyam_Khemka_And_Anr_Etc_vs_State_Of_Bihar_And_Anr_Etc_on_26_March_1993_1.PDF,Radhey Shyam Khemka And Anr Etc vs State Of Bihar And Anr Etc on 26 March 1993 1,1993,4,1960,,
Financial Fraud,Surjit_Singh_Ors_vs_Balbir_Singh_on_29_February_1996_1.PDF,Surjit Singh Ors vs Balbir Singh on 29 February 1996 1,1996,4,1960,,
Financial Fraud,Dr_S_S_Khanna_vs_Chief_Secretary_Patna_Others_on_12_April_1983_1.PDF,Dr S S Khanna vs Chief Secretary Patna Others on 12 April 1983 1,1983,6,1960,,
Financial Fraud,Mohd_Mumtaz_vs_Nandini_Satpathy_And_Ors_on_20_December_1986_1.PDF,Mohd Mumtaz vs Nandini Satpathy And Ors on 20 December 1986 1,1986,6,1960,,
Financial Fraud,Municipal_Committee_Bahadurgarh_vs_Krishnan_Behari_And_Ors_on_19_February_1996_1.PDF,Municipal Committee Bahadurgarh vs Krishnan Behari And Ors on 19 February 1996 1,1996,6,1960,,
Financial Fraud,Smt_Sarla_Mudgal_President_Kalyani_vs_Union_Of_India_Ors_on_10_May_1995_1.PDF,Smt Sarla Mudgal President Kalyani vs Union Of India Ors on 10 May 1995 1,1995,6,1960,,
Financial Fraud,Purushottamdas_Dalmia_vs_The_State_Of_West_Bengal_on_19_April_1961_1.PDF,Purushottamdas Dalmia vs The State Of West Bengal on 19 April 1961 1,1961,10,1960,,
Financial Fraud,Kishun_Singh_And_Ors_vs_State_Of_Bihar_on_11_January_1993_1.PDF,Kishun Singh And Ors vs State Of Bihar on 11 January 1993 1,1993,1,1970,,
Financial Fraud,Gokak_Patel_Volkart_Ltd_vs_Dundayya_Gurushiddaiah_Hiremath_And_on_14_February_1991_1.PDF,Gokak Patel Volkart Ltd vs Dundayya Gurushiddaiah Hiremath And on 14 February 1991 1,1991,2,1970,,
Financial Fraud,Anil_Saran_vs_The_State_Of_Bihar_And_Another_on_24_August_1995_1.PDF,Anil Saran vs The State Of Bihar And Another on 24 August 1995 1,1995,3,1970,,
Financial Fraud,Radhey_Shyam_Khemka_And_Anr_Etc_vs_State_Of_Bihar_And_Anr_Etc_on_26_March_1993_1.PDF,Radhey Shyam Khemka And Anr Etc vs State Of Bihar And Anr Etc on 26 March 1993 1,1993,4,1970,,
Financial Fraud,Surjit_Singh_Ors_vs_Balbir_Singh_on_29_February_1996_1.PDF,Surjit Singh Ors vs Balbir Singh on 29 February 1996 1,1996,4,1970,,
Financial Fraud,Dr_S_S_Khanna_vs_Chief_Secretary_Patna_Others_on_12_April_1983_1.PDF,Dr S S Khanna vs Chief Secretary Patna Others on 12 April 1983 1,1983,6,1970,,
Financial Fraud,Mohd_Mumtaz_vs_Nandini_Satpathy_And_Ors_on_20_December_1986_1.PDF,Mohd Mumtaz vs Nandini Satpathy And Ors on 20 December 1986 1,1986,6,1970,,
Financial Fraud,Municipal_Committee_Bahadurgarh_vs_Krishnan_Behari_And_Ors_on_19_February_1996_1.PDF,Municipal Committee Bahadurgarh vs Krishnan Behari And Ors on 19 February 1996 1,1996,6,1970,,
Financial Fraud,Smt_Sarla_Mudgal_President_Kalyani_vs_Union_Of_India_Ors_on_10_May_1995_1.PDF,Smt Sarla Mudgal President Kalyani vs Union Of India Ors on 10 May 1995 1,1995,6,1970,,
Financial Fraud,Purushottamdas_Dalmia_vs_The_State_Of_West_Bengal_on_19_April_1961_1.PDF,Purushottamdas Dalmia vs The State Of West Bengal on 19 April 1961 1,1961,10,1970,0.0,0.994091
Financial Fraud,Kishun_Singh_And_Ors_vs_State_Of_Bihar_on_11_January_1993_1.PDF,Kishun Singh And Ors vs State Of Bihar on 11 January 1993 1,1993,1,1980,,
Financial Fraud,Gokak_Patel_Volkart_Ltd_vs_Dundayya_Gurushiddaiah_Hiremath_And_on_14_February_1991_1.PDF,Gokak Patel Volkart Ltd vs Dundayya Gurushiddaiah Hiremath And on 14 February 1991 1,1991,2,1980,,
Financial Fraud,Anil_Saran_vs_The_State_Of_Bihar_And_Another_on_24_August_1995_1.PDF,Anil Saran vs The State Of Bihar And Another on 24 August 1995 1,1995,3,1980,,
Financial Fraud,Radhey_Shyam_Khemka_And_Anr_Etc_vs_State_Of_Bihar_And_Anr_Etc_on_26_March_1993_1.PDF,Radhey Shyam Khemka And Anr Etc vs State Of Bihar And Anr Etc on 26 March 1993 1,1993,4,1980,,
Financial Fraud,Surjit_Singh_Ors_vs_Balbir_Singh_on_29_February_1996_1.PDF,Surjit Singh Ors vs Balbir Singh on 29 February 1996 1,1996,4,1980,,
Financial Fraud,Dr_S_S_Khanna_vs_Chief_Secretary_Patna_Others_on_12_April_1983_1.PDF,Dr S S Khanna vs Chief Secretary Patna Others on 12 April 1983 1,1983,6,1980,,
Financial Fraud,Mohd_Mumtaz_vs_Nandini_Satpathy_And_Ors_on_20_December_1986_1.PDF,Mohd Mumtaz vs Nandini Satpathy And Ors on 20 December 1986 1,1986,6,1980,,
Financial Fraud,Municipal_Committee_Bahadurgarh_vs_Krishnan_Behari_And_Ors_on_19_February_1996_1.PDF,Municipal Committee Bahadurgarh vs Krishnan Behari And Ors on 19 February 1996 1,1996,6,1980,,
Financial Fraud,Smt_Sarla_Mudgal_President_Kalyani_vs_Union_Of_India_Ors_on_10_May_1995_1.PDF,Smt Sarla Mudgal President Kalyani vs Union Of India Ors on 10 May 1995 1,1995,6,1980,,
Financial Fraud,Purushottamdas_Dalmia_vs_The_State_Of_West_Bengal_on_19_April_1961_1.PDF,Purushottamdas Dalmia vs The State Of West Bengal on 19 April 1961 1,1961,10,1980,0.0,0.996318
Financial Fraud,Kishun_Singh_And_Ors_vs_State_Of_Bihar_on_11_January_1993_1.PDF,Kishun Singh And Ors vs State Of Bihar on 11 January 1993 1,1993,1,1990,,
Financial Fraud,Gokak_Patel_Volkart_Ltd_vs_Dundayya_Gurushiddaiah_Hiremath_And_on_14_February_1991_1.PDF,Gokak Patel Volkart Ltd vs Dundayya Gurushiddaiah Hiremath And on 14 February 1991 1,1991,2,1990,,
Financial Fraud,Anil_Saran_vs_The_State_Of_Bihar_And_Another_on_24_August_1995_1.PDF,Anil Saran vs The State Of Bihar And Another on 24 August 1995 1,1995,3,1990,,
Financial Fraud,Radhey_Shyam_Khemka_And_Anr_Etc_vs_State_Of_Bihar_And_Anr_Etc_on_26_March_1993_1.PDF,Radhey Shyam Khemka And Anr Etc vs State Of Bihar And Anr Etc on 26 March 1993 1,1993,4,1990,,
Financial Fraud,Surjit_Singh_Ors_vs_Balbir_Singh_on_29_February_1996_1.PDF,Surjit Singh Ors vs Balbir Singh on 29 February 1996 1,1996,4,1990,,
Financial Fraud,Dr_S_S_Khanna_vs_Chief_Secretary_Patna_Others_on_12_April_1983_1.PDF,Dr S S Khanna vs Chief Secretary Patna Others on 12 April 1983 1,1983,6,1990,1.0,6.269838
Financial Fraud,Mohd_Mumtaz_vs_Nandini_Satpathy_And_Ors_on_20_December_1986_1.PDF,Mohd Mumtaz vs Nandini Satpathy And Ors on 20 December 1986 1,1986,6,1990,1.0,6.269838
Financial Fraud,Municipal_Committee_Bahadurgarh_vs_Krishnan_Behari_And_Ors_on_19_February_1996_1.PDF,Municipal Committee Bahadurgarh vs Krishnan Behari And Ors on 19 February 1996 1,1996,6,1990,,
Financial Fraud,Smt_Sarla_Mudgal_President_Kalyani_vs_Union_Of_India_Ors_on_10_May_1995_1.PDF,Smt Sarla Mudgal President Kalyani vs Union Of India Ors on 10 May 1995 1,1995,6,1990,,
Financial Fraud,Purushottamdas_Dalmia_vs_The_State_Of_West_Bengal_on_19_April_1961_1.PDF,Purushottamdas Dalmia vs The State Of West Bengal on 19 April 1961 1,1961,10,1990,0.0,0.954784
Financial Fraud,Kishun_Singh_And_Ors_vs_State_Of_Bihar_on_11_January_1993_1.PDF,Kishun Singh And Ors vs State Of Bihar on 11 January 1993 1,1993,1,2000,2.0,10.406741
Financial Fraud,Gokak_Patel_Volkart_Ltd_vs_Dundayya_Gurushiddaiah_Hiremath_And_on_14_February_1991_1.PDF,Gokak Patel Volkart Ltd vs Dundayya Gurushiddaiah Hiremath And on 14 February 1991 1,1991,2,2000,1.0,5.627835
Financial Fraud,Anil_Saran_vs_The_State_Of_Bihar_And_Another_on_24_August_1995_1.PDF,Anil Saran vs The State Of Bihar And Another on 24 August 1995 1,1995,3,2000,1.0,5.627835
Financial Fraud,Radhey_Shyam_Khemka_And_Anr_Etc_vs_State_Of_Bihar_And_Anr_Etc_on_26_March_1993_1.PDF,Radhey Shyam Khemka And Anr Etc vs State Of Bihar And Anr Etc on 26 March 1993 1,1993,4,2000,1.0,5.627835
Financial Fraud,Surjit_Singh_Ors_vs_Balbir_Singh_on_29_February_1996_1.PDF,Surjit Singh Ors vs Balbir Singh on 29 February 1996 1,1996,4,2000,1.0,5.627835
Financial Fraud,Dr_S_S_Khanna_vs_Chief_Secretary_Patna_Others_on_12_April_1983_1.PDF,Dr S S Khanna vs Chief Secretary Patna Others on 12 April 1983 1,1983,6,2000,1.0,5.627835
Financial Fraud,Mohd_Mumtaz_vs_Nandini_Satpathy_And_Ors_on_20_December_1986_1.PDF,Mohd Mumtaz vs Nandini Satpathy And Ors on 20 December 1986 1,1986,6,2000,1.0,5.627835
Financial Fraud,Municipal_Committee_Bahadurgarh_vs_Krishnan_Behari_And_Ors_on_19_February_1996_1.PDF,Municipal Committee Bahadurgarh vs Krishnan Behari And Ors on 19 February 1996 1,1996,6,2000,1.0,5.627835
Financial Fraud,Smt_Sarla_Mudgal_President_Kalyani_vs_Union_Of_India_Ors_on_10_May_1995_1.PDF,Smt Sarla Mudgal President Kalyani vs Union Of India Ors on 10 May 1995 1,1995,6,2000,1.0,5.627835
Financial Fraud,Purushottamdas_Dalmia_vs_The_State_Of_West_Bengal_on_19_April_1961_1.PDF,Purushottamdas Dalmia vs The State Of West Bengal on 19 April 1961 1,1961,10,2000,1.0,1.570658
Financial Fraud,Kishun_Singh_And_Ors_vs_State_Of_Bihar_on_11_January_1993_1.PDF,Kishun Singh And Ors vs State Of Bihar on 11 January 1993 1,1993,1,2010,4.0,19.812383
Financial Fraud,Gokak_Patel_Volkart_Ltd_vs_Dundayya_Gurushiddaiah_Hiremath_And_on_14_February_1991_1.PDF,Gokak Patel Volkart Ltd vs Dundayya Gurushiddaiah Hiremath And on 14 February 1991 1,1991,2,2010,1.0,5.585778
Financial Fraud,Anil_Saran_vs_The_State_Of_Bihar_And_Another_on_24_August_1995_1.PDF,Anil Saran vs The State Of Bihar And Another on 24 August 1995 1,1995,3,2010,2.0,10.32798
Financial Fraud,Radhey_Shyam_Khemka_And_Anr_Etc_vs_State_Of_Bihar_And_Anr_Etc_on_26_March_1993_1.PDF,Radhey Shyam Khemka And Anr Etc vs State Of Bihar And Anr Etc on 26 March 1993 1,1993,4,2010,2.0,7.956879
Financial Fraud,Surjit_Singh_Ors_vs_Balbir_Singh_on_29_February_1996_1.PDF,Surjit Singh Ors vs Balbir Singh on 29 February 1996 1,1996,4,2010,1.0,5.585778
Financial Fraud,Dr_S_S_Khanna_vs_Chief_Secretary_Patna_Others_on_12_April_1983_1.PDF,Dr S S Khanna vs Chief Secretary Patna Others on 12 April 1983 1,1983,6,2010,1.0,5.585778
Financial Fraud,Mohd_Mumtaz_vs_Nandini_Satpathy_And_Ors_on_20_December_1986_1.PDF,Mohd Mumtaz vs Nandini Satpathy And Ors on 20 December 1986 1,1986,6,2010,1.0,5.585778
Financial Fraud,Municipal_Committee_Bahadurgarh_vs_Krishnan_Behari_And_Ors_on_19_February_1996_1.PDF,Municipal Committee Bahadurgarh vs Krishnan Behari And Ors on 19 February 1996 1,1996,6,2010,1.0,5.585778
Financial Fraud,Smt_Sarla_Mudgal_President_Kalyani_vs_Union_Of_India_Ors_on_10_May_1995_1.PDF,Smt Sarla Mudgal President Kalyani vs Union Of India Ors on 10 May 1995 1,1995,6,2010,1.0,5.585778
Financial Fraud,Purushottamdas_Dalmia_vs_The_State_Of_West_Bengal_on_19_April_1961_1.PDF,Purushottamdas Dalmia vs The State Of West Bengal on 19 April 1961 1,1961,10,2010,1.0,1.560784
Financial Fraud,Kishun_Singh_And_Ors_vs_State_Of_Bihar_on_11_January_1993_1.PDF,Kishun Singh And Ors vs State Of Bihar on 11 January 1993 1,1993,1,2020,9.0,42.653558
Financial Fraud,Gokak_Patel_Volkart_Ltd_vs_Dundayya_Gurushiddaiah_Hiremath_And_on_14_February_1991_1.PDF,Gokak Patel Volkart Ltd vs Dundayya Gurushiddaiah Hiremath And on 14 February 1991 1,1991,2,2020,2.0,10.123682
Financial Fraud,Anil_Saran_vs_The_State_Of_Bihar_And_Another_on_24_August_1995_1.PDF,Anil Saran vs The State Of Bihar And Another on 24 August 1995 1,1995,3,2020,2.0,10.123682
Financial Fraud,Radhey_Shyam_Khemka_And_Anr_Etc_vs_State_Of_Bihar_And_Anr_Etc_on_26_March_1993_1.PDF,Radhey Shyam Khemka And Anr Etc vs State Of Bihar And Anr Etc on 26 March 1993 1,1993,4,2020,2.0,7.80012
Financial Fraud,Surjit_Singh_Ors_vs_Balbir_Singh_on_29_February_1996_1.PDF,Surjit Singh Ors vs Balbir Singh on 29 February 1996 1,1996,4,2020,2.0,7.80012
Financial Fraud,Dr_S_S_Khanna_vs_Chief_Secretary_Patna_Others_on_12_April_1983_1.PDF,Dr S S Khanna vs Chief Secretary Patna Others on 12 April 1983 1,1983,6,2020,1.0,5.476557
Financial Fraud,Mohd_Mumtaz_vs_Nandini_Satpathy_And_Ors_on_20_December_1986_1.PDF,Mohd Mumtaz vs Nandini Satpathy And Ors on 20 December 1986 1,1986,6,2020,1.0,5.476557
Financial Fraud,Municipal_Committee_Bahadurgarh_vs_Krishnan_Behari_And_Ors_on_19_February_1996_1.PDF,Municipal Committee Bahadurgarh vs Krishnan Behari And Ors on 19 February 1996 1,1996,6,2020,1.0,5.476557
Financial Fraud,Smt_Sarla_Mudgal_President_Kalyani_vs_Union_Of_India_Ors_on_10_May_1995_1.PDF,Smt Sarla Mudgal President Kalyani vs Union Of India Ors on 10 May 1995 1,1995,6,2020,1.0,5.476557
Financial Fraud,Purushottamdas_Dalmia_vs_The_State_Of_West_Bengal_on_19_April_1961_1.PDF,Purushottamdas Dalmia vs The State Of West Bengal on 19 April 1961 1,1961,10,2020,2.0,2.23996
Financial Fraud,Kishun_Singh_And_Ors_vs_State_Of_Bihar_on_11_January_1993_1.PDF,Kishun Singh And Ors vs State Of Bihar on 11 January 1993 1,1993,1,2025,11.0,52.091727
Financial Fraud,Gokak_Patel_Volkart_Ltd_vs_Dundayya_Gurushiddaiah_Hiremath_And_on_14_February_1991_1.PDF,Gokak Patel Volkart Ltd vs Dundayya Gurushiddaiah Hiremath And on 14 February 1991 1,1991,2,2025,3.0,14.813478
Financial Fraud,Anil_Saran_vs_The_State_Of_Bihar_And_Another_on_24_August_1995_1.PDF,Anil Saran vs The State Of Bihar And Another on 24 August 1995 1,1995,3,2025,2.0,10.153697
Financial Fraud,Radhey_Shyam_Khemka_And_Anr_Etc_vs_State_Of_Bihar_And_Anr_Etc_on_26_March_1993_1.PDF,Radhey Shyam Khemka And Anr Etc vs State Of Bihar And Anr Etc on 26 March 1993 1,1993,4,2025,2.0,7.823806
Financial Fraud,Surjit_Singh_Ors_vs_Balbir_Singh_on_29_February_1996_1.PDF,Surjit Singh Ors vs Balbir Singh on 29 February 1996 1,1996,4,2025,2.0,7.823806
Financial Fraud,Dr_S_S_Khanna_vs_Chief_Secretary_Patna_Others_on_12_April_1983_1.PDF,Dr S S Khanna vs Chief Secretary Patna Others on 12 April 1983 1,1983,6,2025,1.0,5.493916
Financial Fraud,Mohd_Mumtaz_vs_Nandini_Satpathy_And_Ors_on_20_December_1986_1.PDF,Mohd Mumtaz vs Nandini Satpathy And Ors on 20 December 1986 1,1986,6,2025,1.0,5.493916
Financial Fraud,Municipal_Committee_Bahadurgarh_vs_Krishnan_Behari_And_Ors_on_19_February_1996_1.PDF,Municipal Committee Bahadurgarh vs Krishnan Behari And Ors on 19 February 1996 1,1996,6,2025,1.0,5.493916
Financial Fraud,Smt_Sarla_Mudgal_President_Kalyani_vs_Union_Of_India_Ors_on_10_May_1995_1.PDF,Smt Sarla Mudgal President Kalyani vs Union Of India Ors on 10 May 1995 1,1995,6,2025,1.0,5.493916
Financial Fraud,Purushottamdas_Dalmia_vs_The_State_Of_West_Bengal_on_19_April_1961_1.PDF,Purushottamdas Dalmia vs The State Of West Bengal on 19 April 1961 1,1961,10,2025,4.0,3.671357
Organized Crime / Extortion,Bani_Singh_Ors_vs_State_Of_U_P_on_9_July_1996_1.PDF,Bani Singh Ors vs State Of U P on 9 July 1996 1,1996,1,1960,,
Organized Crime / Extortion,Kartar_Singh_vs_State_Of_Punjab_on_11_March_1994_1.PDF,Kartar Singh vs State Of Punjab on 11 March 1994 1,1994,2,1960,,
Organized Crime / Extortion,Mrs_Maneka_Gandhi_vs_Union_Of_India_Uoi_And_Anr_on_25_January_1978_1.PDF,Mrs Maneka Gandhi vs Union Of India Uoi And Anr on 25 January 1978 1,1978,3,1960,,
Organized Crime / Extortion,A_K_Gopalan_vs_The_State_Of_Madras_Union_Of_India__on_19_May_1950_1.PDF,A K Gopalan vs The State Of Madras Union Of India  on 19 May 1950 1,1950,4,1960,0.0,1.0
Organized Crime / Extortion,Union_Of_India_Ors_vs_Major_General_Madan_Lal_Yadav__Retd___on_22_March_1996.PDF,Union Of India Ors vs Major General Madan Lal Yadav  Retd   on 22 March 1996,1996,5,1960,,
Organized Crime / Extortion,The_State_Of_West_Bengal_vs_Anwar_All_Sarkarhabib_Mohamed_The_on_11_January_1952_1.PDF,The State Of West Bengal vs Anwar All Sarkarhabib Mohamed The on 11 January 1952 1,1952,6,1960,0.0,1.0
Organized Crime / Extortion,Hitendra_Vishnu_Thakur_vs_State_Of_Maharashtra_on_12_July_1994_1.PDF,Hitendra Vishnu Thakur vs State Of Maharashtra on 12 July 1994 1,1994,7,1960,,
Organized Crime / Extortion,Ram_Singh_vs_The_State_Of_Delhi_And_Anotherbalraj_on_6_April_1951_1.PDF,Ram Singh vs The State Of Delhi And Anotherbalraj on 6 April 1951 1,1951,8,1960,0.0,1.0
Organized Crime / Extortion,The_State_Of_Bombay_vs_R_M_D_Chamarbaugwala_on_9_April_1957_1.PDF,The State Of Bombay vs R M D Chamarbaugwala on 9 April 1957 1,1957,9,1960,0.0,1.0
Organized Crime / Extortion,S_Gopal_Reddy_vs_State_Of_Andhra_Pradesh_on_11_July_1996_1.PDF,S Gopal Reddy vs State Of Andhra Pradesh on 11 July 1996 1,1996,10,1960,,
Organized Crime / Extortion,Bani_Singh_Ors_vs_State_Of_U_P_on_9_July_1996_1.PDF,Bani Singh Ors vs State Of U P on 9 July 1996 1,1996,1,1970,,
Organized Crime / Extortion,Kartar_Singh_vs_State_Of_Punjab_on_11_March_1994_1.PDF,Kartar Singh vs State Of Punjab on 11 March 1994 1,1994,2,1970,,
Organized Crime / Extortion,Mrs_Maneka_Gandhi_vs_Union_Of_India_Uoi_And_Anr_on_25_January_1978_1.PDF,Mrs Maneka Gandhi vs Union Of India Uoi And Anr on 25 January 1978 1,1978,3,1970,,
Organized Crime / Extortion,A_K_Gopalan_vs_The_State_Of_Madras_Union_Of_India__on_19_May_1950_1.PDF,A K Gopalan vs The State Of Madras Union Of India  on 19 May 1950 1,1950,4,1970,0.0,1.0
Organized Crime / Extortion,Union_Of_India_Ors_vs_Major_General_Madan_Lal_Yadav__Retd___on_22_March_1996.PDF,Union Of India Ors vs Major General Madan Lal Yadav  Retd   on 22 March 1996,1996,5,1970,,
Organized Crime / Extortion,The_State_Of_West_Bengal_vs_Anwar_All_Sarkarhabib_Mohamed_The_on_11_January_1952_1.PDF,The State Of West Bengal vs Anwar All Sarkarhabib Mohamed The on 11 January 1952 1,1952,6,1970,0.0,1.0
Organized Crime / Extortion,Hitendra_Vishnu_Thakur_vs_State_Of_Maharashtra_on_12_July_1994_1.PDF,Hitendra Vishnu Thakur vs State Of Maharashtra on 12 July 1994 1,1994,7,1970,,
Organized Crime / Extortion,Ram_Singh_vs_The_State_Of_Delhi_And_Anotherbalraj_on_6_April_1951_1.PDF,Ram Singh vs The State Of Delhi And Anotherbalraj on 6 April 1951 1,1951,8,1970,0.0,1.0
Organized Crime / Extortion,The_State_Of_Bombay_vs_R_M_D_Chamarbaugwala_on_9_April_1957_1.PDF,The State Of Bombay vs R M D Chamarbaugwala on 9 April 1957 1,1957,9,1970,0.0,1.0
Organized Crime / Extortion,S_Gopal_Reddy_vs_State_Of_Andhra_Pradesh_on_11_July_1996_1.PDF,S Gopal Reddy vs State Of Andhra Pradesh on 11 July 1996 1,1996,10,1970,,
Organized Crime / Extortion,Bani_Singh_Ors_vs_State_Of_U_P_on_9_July_1996_1.PDF,Bani Singh Ors vs State Of U P on 9 July 1996 1,1996,1,1980,,
Organized Crime / Extortion,Kartar_Singh_vs_State_Of_Punjab_on_11_March_1994_1.PDF,Kartar Singh vs State Of Punjab on 11 March 1994 1,1994,2,1980,,
Organized Crime / Extortion,Mrs_Maneka_Gandhi_vs_Union_Of_India_Uoi_And_Anr_on_25_January_1978_1.PDF,Mrs Maneka Gandhi vs Union Of India Uoi And Anr on 25 January 1978 1,1978,3,1980,1.0,1.367278
Organized Crime / Extortion,A_K_Gopalan_vs_The_State_Of_Madras_Union_Of_India__on_19_May_1950_1.PDF,A K Gopalan vs The State Of Madras Union Of India  on 19 May 1950 1,1950,4,1980,5.0,3.851248
Organized Crime / Extortion,Union_Of_India_Ors_vs_Major_General_Madan_Lal_Yadav__Retd___on_22_March_1996.PDF,Union Of India Ors vs Major General Madan Lal Yadav  Retd   on 22 March 1996,1996,5,1980,,
Organized Crime / Extortion,The_State_Of_West_Bengal_vs_Anwar_All_Sarkarhabib_Mohamed_The_on_11_January_1952_1.PDF,The State Of West Bengal vs Anwar All Sarkarhabib Mohamed The on 11 January 1952 1,1952,6,1980,3.0,1.70708
Organized Crime / Extortion,Hitendra_Vishnu_Thakur_vs_State_Of_Maharashtra_on_12_July_1994_1.PDF,Hitendra Vishnu Thakur vs State Of Maharashtra on 12 July 1994 1,1994,7,1980,,
Organized Crime / Extortion,Ram_Singh_vs_The_State_Of_Delhi_And_Anotherbalraj_on_6_April_1951_1.PDF,Ram Singh vs The State Of Delhi And Anotherbalraj on 6 April 1951 1,1951,8,1980,2.0,1.812434
Organized Crime / Extortion,The_State_Of_Bombay_vs_R_M_D_Chamarbaugwala_on_9_April_1957_1.PDF,The State Of Bombay vs R M D Chamarbaugwala on 9 April 1957 1,1957,9,1980,0.0,0.959515
Organized Crime / Extortion,S_Gopal_Reddy_vs_State_Of_Andhra_Pradesh_on_11_July_1996_1.PDF,S Gopal Reddy vs State Of Andhra Pradesh on 11 July 1996 1,1996,10,1980,,
Organized Crime / Extortion,Bani_Singh_Ors_vs_State_Of_U_P_on_9_July_1996_1.PDF,Bani Singh Ors vs State Of U P on 9 July 1996 1,1996,1,1990,,
Organized Crime / Extortion,Kartar_Singh_vs_State_Of_Punjab_on_11_March_1994_1.PDF,Kartar Singh vs State Of Punjab on 11 March 1994 1,1994,2,1990,,
Organized Crime / Extortion,Mrs_Maneka_Gandhi_vs_Union_Of_India_Uoi_And_Anr_on_25_January_1978_1.PDF,Mrs Maneka Gandhi vs Union Of India Uoi And Anr on 25 January 1978 1,1978,3,1990,6.0,3.679748
Organized Crime / Extortion,A_K_Gopalan_vs_The_State_Of_Madras_Union_Of_India__on_19_May_1950_1.PDF,A K Gopalan vs The State Of Madras Union Of India  on 19 May 1950 1,1950,4,1990,7.0,5.899622
Organized Crime / Extortion,Union_Of_India_Ors_vs_Major_General_Madan_Lal_Yadav__Retd___on_22_March_1996.PDF,Union Of India Ors vs Major General Madan Lal Yadav  Retd   on 22 March 1996,1996,5,1990,,
Organized Crime / Extortion,The_State_Of_West_Bengal_vs_Anwar_All_Sarkarhabib_Mohamed_The_on_11_January_1952_1.PDF,The State Of West Bengal vs Anwar All Sarkarhabib Mohamed The on 11 January 1952 1,1952,6,1990,6.0,3.220729
Organized Crime / Extortion,Hitendra_Vishnu_Thakur_vs_State_Of_Maharashtra_on_12_July_1994_1.PDF,Hitendra Vishnu Thakur vs State Of Maharashtra on 12 July 1994 1,1994,7,1990,,
Organized Crime / Extortion,Ram_Singh_vs_The_State_Of_Delhi_And_Anotherbalraj_on_6_April_1951_1.PDF,Ram Singh vs The State Of Delhi And Anotherbalraj on 6 April 1951 1,1951,8,1990,2.0,2.752058
Organized Crime / Extortion,The_State_Of_Bombay_vs_R_M_D_Chamarbaugwala_on_9_April_1957_1.PDF,The State Of Bombay vs R M D Chamarbaugwala on 9 April 1957 1,1957,9,1990,0.0,0.92563
Organized Crime / Extortion,S_Gopal_Reddy_vs_State_Of_Andhra_Pradesh_on_11_July_1996_1.PDF,S Gopal Reddy vs State Of Andhra Pradesh on 11 July 1996 1,1996,10,1990,,
Organized Crime / Extortion,Bani_Singh_Ors_vs_State_Of_U_P_on_9_July_1996_1.PDF,Bani Singh Ors vs State Of U P on 9 July 1996 1,1996,1,2000,1.0,5.576021
Organized Crime / Extortion,Kartar_Singh_vs_State_Of_Punjab_on_11_March_1994_1.PDF,Kartar Singh vs State Of Punjab on 11 March 1994 1,1994,2,2000,4.0,2.887556
Organized Crime / Extortion,Mrs_Maneka_Gandhi_vs_Union_Of_India_Uoi_And_Anr_on_25_January_1978_1.PDF,Mrs Maneka Gandhi vs Union Of India Uoi And Anr on 25 January 1978 1,1978,3,2000,7.0,3.574048
Organized Crime / Extortion,A_K_Gopalan_vs_The_State_Of_Madras_Union_Of_India__on_19_May_1950_1.PDF,A K Gopalan vs The State Of Madras Union Of India  on 19 May 1950 1,1950,4,2000,9.0,6.414392
Organized Crime / Extortion,Union_Of_India_Ors_vs_Major_General_Madan_Lal_Yadav__Retd___on_22_March_1996.PDF,Union Of India Ors vs Major General Madan Lal Yadav  Retd   on 22 March 1996,1996,5,2000,1.0,5.576021
Organized Crime / Extortion,The_State_Of_West_Bengal_vs_Anwar_All_Sarkarhabib_Mohamed_The_on_11_January_1952_1.PDF,The State Of West Bengal vs Anwar All Sarkarhabib Mohamed The on 11 January 1952 1,1952,6,2000,11.0,5.316575
Organized Crime / Extortion,Hitendra_Vishnu_Thakur_vs_State_Of_Maharashtra_on_12_July_1994_1.PDF,Hitendra Vishnu Thakur vs State Of Maharashtra on 12 July 1994 1,1994,7,2000,3.0,2.176795
Organized Crime / Extortion,Ram_Singh_vs_The_State_Of_Delhi_And_Anotherbalraj_on_6_April_1951_1.PDF,Ram Singh vs The State Of Delhi And Anotherbalraj on 6 April 1951 1,1951,8,2000,2.0,2.60705
Organized Crime / Extortion,The_State_Of_Bombay_vs_R_M_D_Chamarbaugwala_on_9_April_1957_1.PDF,The State Of Bombay vs R M D Chamarbaugwala on 9 April 1957 1,1957,9,2000,3.0,2.132946
Organized Crime / Extortion,S_Gopal_Reddy_vs_State_Of_Andhra_Pradesh_on_11_July_1996_1.PDF,S Gopal Reddy vs State Of Andhra Pradesh on 11 July 1996 1,1996,10,2000,1.0,1.474232
Organized Crime / Extortion,Bani_Singh_Ors_vs_State_Of_U_P_on_9_July_1996_1.PDF,Bani Singh Ors vs State Of U P on 9 July 1996 1,1996,1,2010,1.0,5.473104
Organized Crime / Extortion,Kartar_Singh_vs_State_Of_Punjab_on_11_March_1994_1.PDF,Kartar Singh vs State Of Punjab on 11 March 1994 1,1994,2,2010,9.0,6.97973
Organized Crime / Extortion,Mrs_Maneka_Gandhi_vs_Union_Of_India_Uoi_And_Anr_on_25_January_1978_1.PDF,Mrs Maneka Gandhi vs Union Of India Uoi And Anr on 25 January 1978 1,1978,3,2010,10.0,5.981169
Organized Crime / Extortion,A_K_Gopalan_vs_The_State_Of_Madras_Union_Of_India__on_19_May_1950_1.PDF,A K Gopalan vs The State Of Madras Union Of India  on 19 May 1950 1,1950,4,2010,10.0,8.536048
Organized Crime / Extortion,Union_Of_India_Ors_vs_Major_General_Madan_Lal_Yadav__Retd___on_22_March_1996.PDF,Union Of India Ors vs Major General Madan Lal Yadav  Retd   on 22 March 1996,1996,5,2010,1.0,5.473104
Organized Crime / Extortion,The_State_Of_West_Bengal_vs_Anwar_All_Sarkarhabib_Mohamed_The_on_11_January_1952_1.PDF,The State Of West Bengal vs Anwar All Sarkarhabib Mohamed The on 11 January 1952 1,1952,6,2010,13.0,7.468098
Organized Crime / Extortion,Hitendra_Vishnu_Thakur_vs_State_Of_Maharashtra_on_12_July_1994_1.PDF,Hitendra Vishnu Thakur vs State Of Maharashtra on 12 July 1994 1,1994,7,2010,6.0,3.365528
Organized Crime / Extortion,Ram_Singh_vs_The_State_Of_Delhi_And_Anotherbalraj_on_6_April_1951_1.PDF,Ram Singh vs The State Of Delhi And Anotherbalraj on 6 April 1951 1,1951,8,2010,2.0,3.621708
Organized Crime / Extortion,The_State_Of_Bombay_vs_R_M_D_Chamarbaugwala_on_9_April_1957_1.PDF,The State Of Bombay vs R M D Chamarbaugwala on 9 April 1957 1,1957,9,2010,3.0,3.926704
Organized Crime / Extortion,S_Gopal_Reddy_vs_State_Of_Andhra_Pradesh_on_11_July_1996_1.PDF,S Gopal Reddy vs State Of Andhra Pradesh on 11 July 1996 1,1996,10,2010,1.0,1.46237
Organized Crime / Extortion,Bani_Singh_Ors_vs_State_Of_U_P_on_9_July_1996_1.PDF,Bani Singh Ors vs State Of U P on 9 July 1996 1,1996,1,2020,2.0,9.399849
Organized Crime / Extortion,Kartar_Singh_vs_State_Of_Punjab_on_11_March_1994_1.PDF,Kartar Singh vs State Of Punjab on 11 March 1994 1,1994,2,2020,23.0,14.942038
Organized Crime / Extortion,Mrs_Maneka_Gandhi_vs_Union_Of_India_Uoi_And_Anr_on_25_January_1978_1.PDF,Mrs Maneka Gandhi vs Union Of India Uoi And Anr on 25 January 1978 1,1978,3,2020,29.0,13.1243
Organized Crime / Extortion,A_K_Gopalan_vs_The_State_Of_Madras_Union_Of_India__on_19_May_1950_1.PDF,A K Gopalan vs The State Of Madras Union Of India  on 19 May 1950 1,1950,4,2020,16.0,12.851092
Organized Crime / Extortion,Union_Of_India_Ors_vs_Major_General_Madan_Lal_Yadav__Retd___on_22_March_1996.PDF,Union Of India Ors vs Major General Madan Lal Yadav  Retd   on 22 March 1996,1996,5,2020,2.0,9.399849
Organized Crime / Extortion,The_State_Of_West_Bengal_vs_Anwar_All_Sarkarhabib_Mohamed_The_on_11_January_1952_1.PDF,The State Of West Bengal vs Anwar All Sarkarhabib Mohamed The on 11 January 1952 1,1952,6,2020,15.0,10.06049
Organized Crime / Extortion,Hitendra_Vishnu_Thakur_vs_State_Of_Maharashtra_on_12_July_1994_1.PDF,Hitendra Vishnu Thakur vs State Of Maharashtra on 12 July 1994 1,1994,7,2020,13.0,7.857903
Organized Crime / Extortion,Ram_Singh_vs_The_State_Of_Delhi_And_Anotherbalraj_on_6_April_1951_1.PDF,Ram Singh vs The State Of Delhi And Anotherbalraj on 6 April 1951 1,1951,8,2020,2.0,6.601756
Organized Crime / Extortion,The_State_Of_Bombay_vs_R_M_D_Chamarbaugwala_on_9_April_1957_1.PDF,The State Of Bombay vs R M D Chamarbaugwala on 9 April 1957 1,1957,9,2020,5.0,6.977276
Organized Crime / Extortion,S_Gopal_Reddy_vs_State_Of_Andhra_Pradesh_on_11_July_1996_1.PDF,S Gopal Reddy vs State Of Andhra Pradesh on 11 July 1996 1,1996,10,2020,4.0,4.916686
Organized Crime / Extortion,Bani_Singh_Ors_vs_State_Of_U_P_on_9_July_1996_1.PDF,Bani Singh Ors vs State Of U P on 9 July 1996 1,1996,1,2025,4.0,17.869453
Organized Crime / Extortion,Kartar_Singh_vs_State_Of_Punjab_on_11_March_1994_1.PDF,Kartar Singh vs State Of Punjab on 11 March 1994 1,1994,2,2025,28.0,17.804027
Organized Crime / Extortion,Mrs_Maneka_Gandhi_vs_Union_Of_India_Uoi_And_Anr_on_25_January_1978_1.PDF,Mrs Maneka Gandhi vs Union Of India Uoi And Anr on 25 January 1978 1,1978,3,2025,39.0,17.334796
Organized Crime / Extortion,A_K_Gopalan_vs_The_State_Of_Madras_Union_Of_India__on_19_May_1950_1.PDF,A K Gopalan vs The State Of Madras Union Of India  on 19 May 1950 1,1950,4,2025,17.0,15.588725
Organized Crime / Extortion,Union_Of_India_Ors_vs_Major_General_Madan_Lal_Yadav__Retd___on_22_March_1996.PDF,Union Of India Ors vs Major General Madan Lal Yadav  Retd   on 22 March 1996,1996,5,2025,3.0,13.59943
Organized Crime / Extortion,The_State_Of_West_Bengal_vs_Anwar_All_Sarkarhabib_Mohamed_The_on_11_January_1952_1.PDF,The State Of West Bengal vs Anwar All Sarkarhabib Mohamed The on 11 January 1952 1,1952,6,2025,15.0,11.523229
Organized Crime / Extortion,Hitendra_Vishnu_Thakur_vs_State_Of_Maharashtra_on_12_July_1994_1.PDF,Hitendra Vishnu Thakur vs State Of Maharashtra on 12 July 1994 1,1994,7,2025,16.0,10.07908
Organized Crime / Extortion,Ram_Singh_vs_The_State_Of_Delhi_And_Anotherbalraj_on_6_April_1951_1.PDF,Ram Singh vs The State Of Delhi And Anotherbalraj on 6 April 1951 1,1951,8,2025,2.0,8.38408
Organized Crime / Extortion,The_State_Of_Bombay_vs_R_M_D_Chamarbaugwala_on_9_April_1957_1.PDF,The State Of Bombay vs R M D Chamarbaugwala on 9 April 1957 1,1957,9,2025,6.0,7.979981
Organized Crime / Extortion,S_Gopal_Reddy_vs_State_Of_Andhra_Pradesh_on_11_July_1996_1.PDF,S Gopal Reddy vs State Of Andhra Pradesh on 11 July 1996 1,1996,10,2025,5.0,6.044732
Violent Crime / Homicide,Kundula_Bala_Subrahmanyam_And_Anr_vs_State_Of_Andhra_Pradesh_on_26_March_1993_1.PDF,Kundula Bala Subrahmanyam And Anr vs State Of Andhra Pradesh on 26 March 1993 1,1993,1,1960,,
Violent Crime / Homicide,Malkiat_Singh_And_Ors_vs_State_Of_Punjab_on_10_April_1991_1.PDF,Malkiat Singh And Ors vs State Of Punjab on 10 April 1991 1,1991,2,1960,,
Violent Crime / Homicide,Punjab_Haryana_High_Court_Bar_Assn_vs_State_Of_Punjab_on_7_December_1993_1.PDF,Punjab Haryana High Court Bar Assn vs State Of Punjab on 7 December 1993 1,1993,3,1960,,
Violent Crime / Homicide,Dhananjoy_Chaterjee_vs_State_Of_W_B_on_11_January_1994_1.PDF,Dhananjoy Chaterjee vs State Of W B on 11 January 1994 1,1994,4,1960,,
Violent Crime / Homicide,Sharad_Birdhichand_Sarda_vs_State_Of_Maharashtra_on_17_July_1984_1.PDF,Sharad Birdhichand Sarda vs State Of Maharashtra on 17 July 1984 1,1984,5,1960,,
Violent Crime / Homicide,Dalip_Singh_And_Others_vs_State_Of_Punjab_on_15_May_1953_1.PDF,Dalip Singh And Others vs State Of Punjab on 15 May 1953 1,1953,6,1960,0.0,1.0
Violent Crime / Homicide,Atley_vs_State_Of_Uttar_Pradesh_on_16_September_1955_1.PDF,Atley vs State Of Uttar Pradesh on 16 September 1955 1,1955,7,1960,0.0,1.0
Violent Crime / Homicide,Bachan_Singh_vs_State_Of_Punjab_on_9_May_1980_1.PDF,Bachan Singh vs State Of Punjab on 9 May 1980 1,1980,8,1960,,
Violent Crime / Homicide,Kushal_Rao_vs_The_State_Of_Bombay_on_25_September_1957_1.PDF,Kushal Rao vs The State Of Bombay on 25 September 1957 1,1957,9,1960,0.0,1.0
Violent Crime / Homicide,Maru_Ram_And_Ors_vs_Union_Of_India_Uoi_And_Ors_on_11_November_1980_1.PDF,Maru Ram And Ors vs Union Of India Uoi And Ors on 11 November 1980 1,1980,10,1960,,
Violent Crime / Homicide,Kundula_Bala_Subrahmanyam_And_Anr_vs_State_Of_Andhra_Pradesh_on_26_March_1993_1.PDF,Kundula Bala Subrahmanyam And Anr vs State Of Andhra Pradesh on 26 March 1993 1,1993,1,1970,,
Violent Crime / Homicide,Malkiat_Singh_And_Ors_vs_State_Of_Punjab_on_10_April_1991_1.PDF,Malkiat Singh And Ors vs State Of Punjab on 10 April 1991 1,1991,2,1970,,
Violent Crime / Homicide,Punjab_Haryana_High_Court_Bar_Assn_vs_State_Of_Punjab_on_7_December_1993_1.PDF,Punjab Haryana High Court Bar Assn vs State Of Punjab on 7 December 1993 1,1993,3,1970,,
Violent Crime / Homicide,Dhananjoy_Chaterjee_vs_State_Of_W_B_on_11_January_1994_1.PDF,Dhananjoy Chaterjee vs State Of W B on 11 January 1994 1,1994,4,1970,,
Violent Crime / Homicide,Sharad_Birdhichand_Sarda_vs_State_Of_Maharashtra_on_17_July_1984_1.PDF,Sharad Birdhichand Sarda vs State Of Maharashtra on 17 July 1984 1,1984,5,1970,,
Violent Crime / Homicide,Dalip_Singh_And_Others_vs_State_Of_Punjab_on_15_May_1953_1.PDF,Dalip Singh And Others vs State Of Punjab on 15 May 1953 1,1953,6,1970,0.0,1.0
Violent Crime / Homicide,Atley_vs_State_Of_Uttar_Pradesh_on_16_September_1955_1.PDF,Atley vs State Of Uttar Pradesh on 16 September 1955 1,1955,7,1970,0.0,1.0
Violent Crime / Homicide,Bachan_Singh_vs_State_Of_Punjab_on_9_May_1980_1.PDF,Bachan Singh vs State Of Punjab on 9 May 1980 1,1980,8,1970,,
Violent Crime / Homicide,Kushal_Rao_vs_The_State_Of_Bombay_on_25_September_1957_1.PDF,Kushal Rao vs The State Of Bombay on 25 September 1957 1,1957,9,1970,0.0,1.0
Violent Crime / Homicide,Maru_Ram_And_Ors_vs_Union_Of_India_Uoi_And_Ors_on_11_November_1980_1.PDF,Maru Ram And Ors vs Union Of India Uoi And Ors on 11 November 1980 1,1980,10,1970,,
Violent Crime / Homicide,Kundula_Bala_Subrahmanyam_And_Anr_vs_State_Of_Andhra_Pradesh_on_26_March_1993_1.PDF,Kundula Bala Subrahmanyam And Anr vs State Of Andhra Pradesh on 26 March 1993 1,1993,1,1980,,
Violent Crime / Homicide,Malkiat_Singh_And_Ors_vs_State_Of_Punjab_on_10_April_1991_1.PDF,Malkiat Singh And Ors vs State Of Punjab on 10 April 1991 1,1991,2,1980,,
Violent Crime / Homicide,Punjab_Haryana_High_Court_Bar_Assn_vs_State_Of_Punjab_on_7_December_1993_1.PDF,Punjab Haryana High Court Bar Assn vs State Of Punjab on 7 December 1993 1,1993,3,1980,,
Violent Crime / Homicide,Dhananjoy_Chaterjee_vs_State_Of_W_B_on_11_January_1994_1.PDF,Dhananjoy Chaterjee vs State Of W B on 11 January 1994 1,1994,4,1980,,
Violent Crime / Homicide,Sharad_Birdhichand_Sarda_vs_State_Of_Maharashtra_on_17_July_1984_1.PDF,Sharad Birdhichand Sarda vs State Of Maharashtra on 17 July 1984 1,1984,5,1980,,
Violent Crime / Homicide,Dalip_Singh_And_Others_vs_State_Of_Punjab_on_15_May_1953_1.PDF,Dalip Singh And Others vs State Of Punjab on 15 May 1953 1,1953,6,1980,2.0,1.82924
Violent Crime / Homicide,Atley_vs_State_Of_Uttar_Pradesh_on_16_September_1955_1.PDF,Atley vs State Of Uttar Pradesh on 16 September 1955 1,1955,7,1980,0.0,0.988837
Violent Crime / Homicide,Bachan_Singh_vs_State_Of_Punjab_on_9_May_1980_1.PDF,Bachan Singh vs State Of Punjab on 9 May 1980 1,1980,8,1980,0.0,0.988837
Violent Crime / Homicide,Kushal_Rao_vs_The_State_Of_Bombay_on_25_September_1957_1.PDF,Kushal Rao vs The State Of Bombay on 25 September 1957 1,1957,9,1980,1.0,1.82924
Violent Crime / Homicide,Maru_Ram_And_Ors_vs_Union_Of_India_Uoi_And_Ors_on_11_November_1980_1.PDF,Maru Ram And Ors vs Union Of India Uoi And Ors on 11 November 1980 1,1980,10,1980,0.0,0.988837
Violent Crime / Homicide,Kundula_Bala_Subrahmanyam_And_Anr_vs_State_Of_Andhra_Pradesh_on_26_March_1993_1.PDF,Kundula Bala Subrahmanyam And Anr vs State Of Andhra Pradesh on 26 March 1993 1,1993,1,1990,,
Violent Crime / Homicide,Malkiat_Singh_And_Ors_vs_State_Of_Punjab_on_10_April_1991_1.PDF,Malkiat Singh And Ors vs State Of Punjab on 10 April 1991 1,1991,2,1990,,
Violent Crime / Homicide,Punjab_Haryana_High_Court_Bar_Assn_vs_State_Of_Punjab_on_7_December_1993_1.PDF,Punjab Haryana High Court Bar Assn vs State Of Punjab on 7 December 1993 1,1993,3,1990,,
Violent Crime / Homicide,Dhananjoy_Chaterjee_vs_State_Of_W_B_on_11_January_1994_1.PDF,Dhananjoy Chaterjee vs State Of W B on 11 January 1994 1,1994,4,1990,,
Violent Crime / Homicide,Sharad_Birdhichand_Sarda_vs_State_Of_Maharashtra_on_17_July_1984_1.PDF,Sharad Birdhichand Sarda vs State Of Maharashtra on 17 July 1984 1,1984,5,1990,0.0,0.969235
Violent Crime / Homicide,Dalip_Singh_And_Others_vs_State_Of_Punjab_on_15_May_1953_1.PDF,Dalip Singh And Others vs State Of Punjab on 15 May 1953 1,1953,6,1990,3.0,2.205468
Violent Crime / Homicide,Atley_vs_State_Of_Uttar_Pradesh_on_16_September_1955_1.PDF,Atley vs State Of Uttar Pradesh on 16 September 1955 1,1955,7,1990,0.0,0.969235
Violent Crime / Homicide,Bachan_Singh_vs_State_Of_Punjab_on_9_May_1980_1.PDF,Bachan Singh vs State Of Punjab on 9 May 1980 1,1980,8,1990,0.0,0.969235
Violent Crime / Homicide,Kushal_Rao_vs_The_State_Of_Bombay_on_25_September_1957_1.PDF,Kushal Rao vs The State Of Bombay on 25 September 1957 1,1957,9,1990,4.0,3.853778
Violent Crime / Homicide,Maru_Ram_And_Ors_vs_Union_Of_India_Uoi_And_Ors_on_11_November_1980_1.PDF,Maru Ram And Ors vs Union Of India Uoi And Ors on 11 November 1980 1,1980,10,1990,0.0,0.969235
Violent Crime / Homicide,Kundula_Bala_Subrahmanyam_And_Anr_vs_State_Of_Andhra_Pradesh_on_26_March_1993_1.PDF,Kundula Bala Subrahmanyam And Anr vs State Of Andhra Pradesh on 26 March 1993 1,1993,1,2000,2.0,8.170336
Violent Crime / Homicide,Malkiat_Singh_And_Ors_vs_State_Of_Punjab_on_10_April_1991_1.PDF,Malkiat Singh And Ors vs State Of Punjab on 10 April 1991 1,1991,2,2000,1.0,5.745857
Violent Crime / Homicide,Punjab_Haryana_High_Court_Bar_Assn_vs_State_Of_Punjab_on_7_December_1993_1.PDF,Punjab Haryana High Court Bar Assn vs State Of Punjab on 7 December 1993 1,1993,3,2000,1.0,5.745857
Violent Crime / Homicide,Dhananjoy_Chaterjee_vs_State_Of_W_B_on_11_January_1994_1.PDF,Dhananjoy Chaterjee vs State Of W B on 11 January 1994 1,1994,4,2000,4.0,3.452554
Violent Crime / Homicide,Sharad_Birdhichand_Sarda_vs_State_Of_Maharashtra_on_17_July_1984_1.PDF,Sharad Birdhichand Sarda vs State Of Maharashtra on 17 July 1984 1,1984,5,2000,1.0,1.659661
Violent Crime / Homicide,Dalip_Singh_And_Others_vs_State_Of_Punjab_on_15_May_1953_1.PDF,Dalip Singh And Others vs State Of Punjab on 15 May 1953 1,1953,6,2000,6.0,3.728753
Violent Crime / Homicide,Atley_vs_State_Of_Uttar_Pradesh_on_16_September_1955_1.PDF,Atley vs State Of Uttar Pradesh on 16 September 1955 1,1955,7,2000,1.0,1.251766
Violent Crime / Homicide,Bachan_Singh_vs_State_Of_Punjab_on_9_May_1980_1.PDF,Bachan Singh vs State Of Punjab on 9 May 1980 1,1980,8,2000,2.0,2.041042
Violent Crime / Homicide,Kushal_Rao_vs_The_State_Of_Bombay_on_25_September_1957_1.PDF,Kushal Rao vs The State Of Bombay on 25 September 1957 1,1957,9,2000,7.0,5.374333
Violent Crime / Homicide,Maru_Ram_And_Ors_vs_Union_Of_India_Uoi_And_Ors_on_11_November_1980_1.PDF,Maru Ram And Ors vs Union Of India Uoi And Ors on 11 November 1980 1,1980,10,2000,2.0,2.422423
Violent Crime / Homicide,Kundula_Bala_Subrahmanyam_And_Anr_vs_State_Of_Andhra_Pradesh_on_26_March_1993_1.PDF,Kundula Bala Subrahmanyam And Anr vs State Of Andhra Pradesh on 26 March 1993 1,1993,1,2010,4.0,13.888524
Violent Crime / Homicide,Malkiat_Singh_And_Ors_vs_State_Of_Punjab_on_10_April_1991_1.PDF,Malkiat Singh And Ors vs State Of Punjab on 10 April 1991 1,1991,2,2010,2.0,6.618814
Violent Crime / Homicide,Punjab_Haryana_High_Court_Bar_Assn_vs_State_Of_Punjab_on_7_December_1993_1.PDF,Punjab Haryana High Court Bar Assn vs State Of Punjab on 7 December 1993 1,1993,3,2010,1.0,5.470965
Violent Crime / Homicide,Dhananjoy_Chaterjee_vs_State_Of_W_B_on_11_January_1994_1.PDF,Dhananjoy Chaterjee vs State Of W B on 11 January 1994 1,1994,4,2010,5.0,3.469518
Violent Crime / Homicide,Sharad_Birdhichand_Sarda_vs_State_Of_Maharashtra_on_17_July_1984_1.PDF,Sharad Birdhichand Sarda vs State Of Maharashtra on 17 July 1984 1,1984,5,2010,12.0,5.052581
Violent Crime / Homicide,Dalip_Singh_And_Others_vs_State_Of_Punjab_on_15_May_1953_1.PDF,Dalip Singh And Others vs State Of Punjab on 15 May 1953 1,1953,6,2010,8.0,5.292122
Violent Crime / Homicide,Atley_vs_State_Of_Uttar_Pradesh_on_16_September_1955_1.PDF,Atley vs State Of Uttar Pradesh on 16 September 1955 1,1955,7,2010,2.0,1.847231
Violent Crime / Homicide,Bachan_Singh_vs_State_Of_Punjab_on_9_May_1980_1.PDF,Bachan Singh vs State Of Punjab on 9 May 1980 1,1980,8,2010,11.0,6.027282
Violent Crime / Homicide,Kushal_Rao_vs_The_State_Of_Bombay_on_25_September_1957_1.PDF,Kushal Rao vs The State Of Bombay on 25 September 1957 1,1957,9,2010,9.0,6.019485
Violent Crime / Homicide,Maru_Ram_And_Ors_vs_Union_Of_India_Uoi_And_Ors_on_11_November_1980_1.PDF,Maru Ram And Ors vs Union Of India Uoi And Ors on 11 November 1980 1,1980,10,2010,6.0,4.495625
Violent Crime / Homicide,Kundula_Bala_Subrahmanyam_And_Anr_vs_State_Of_Andhra_Pradesh_on_26_March_1993_1.PDF,Kundula Bala Subrahmanyam And Anr vs State Of Andhra Pradesh on 26 March 1993 1,1993,1,2020,7.0,18.669735
Violent Crime / Homicide,Malkiat_Singh_And_Ors_vs_State_Of_Punjab_on_10_April_1991_1.PDF,Malkiat Singh And Ors vs State Of Punjab on 10 April 1991 1,1991,2,2020,8.0,22.583805
Violent Crime / Homicide,Punjab_Haryana_High_Court_Bar_Assn_vs_State_Of_Punjab_on_7_December_1993_1.PDF,Punjab Haryana High Court Bar Assn vs State Of Punjab on 7 December 1993 1,1993,3,2020,3.0,13.655844
Violent Crime / Homicide,Dhananjoy_Chaterjee_vs_State_Of_W_B_on_11_January_1994_1.PDF,Dhananjoy Chaterjee vs State Of W B on 11 January 1994 1,1994,4,2020,19.0,11.654482
Violent Crime / Homicide,Sharad_Birdhichand_Sarda_vs_State_Of_Maharashtra_on_17_July_1984_1.PDF,Sharad Birdhichand Sarda vs State Of Maharashtra on 17 July 1984 1,1984,5,2020,24.0,10.86171
Violent Crime / Homicide,Dalip_Singh_And_Others_vs_State_Of_Punjab_on_15_May_1953_1.PDF,Dalip Singh And Others vs State Of Punjab on 15 May 1953 1,1953,6,2020,14.0,9.008916
Violent Crime / Homicide,Atley_vs_State_Of_Uttar_Pradesh_on_16_September_1955_1.PDF,Atley vs State Of Uttar Pradesh on 16 September 1955 1,1955,7,2020,4.0,4.152771
Violent Crime / Homicide,Bachan_Singh_vs_State_Of_Punjab_on_9_May_1980_1.PDF,Bachan Singh vs State Of Punjab on 9 May 1980 1,1980,8,2020,19.0,9.320164
Violent Crime / Homicide,Kushal_Rao_vs_The_State_Of_Bombay_on_25_September_1957_1.PDF,Kushal Rao vs The State Of Bombay on 25 September 1957 1,1957,9,2020,10.0,7.094556
Violent Crime / Homicide,Maru_Ram_And_Ors_vs_Union_Of_India_Uoi_And_Ors_on_11_November_1980_1.PDF,Maru Ram And Ors vs Union Of India Uoi And Ors on 11 November 1980 1,1980,10,2020,13.0,7.025883
Violent Crime / Homicide,Kundula_Bala_Subrahmanyam_And_Anr_vs_State_Of_Andhra_Pradesh_on_26_March_1993_1.PDF,Kundula Bala Subrahmanyam And Anr vs State Of Andhra Pradesh on 26 March 1993 1,1993,1,2025,10.0,26.420733
Violent Crime / Homicide,Malkiat_Singh_And_Ors_vs_State_Of_Punjab_on_10_April_1991_1.PDF,Malkiat Singh And Ors vs State Of Punjab on 10 April 1991 1,1991,2,2025,9.0,24.6468
Violent Crime / Homicide,Punjab_Haryana_High_Court_Bar_Assn_vs_State_Of_Punjab_on_7_December_1993_1.PDF,Punjab Haryana High Court Bar Assn vs State Of Punjab on 7 December 1993 1,1993,3,2025,3.0,13.61616
Violent Crime / Homicide,Dhananjoy_Chaterjee_vs_State_Of_W_B_on_11_January_1994_1.PDF,Dhananjoy Chaterjee vs State Of W B on 11 January 1994 1,1994,4,2025,21.0,13.058201
Violent Crime / Homicide,Sharad_Birdhichand_Sarda_vs_State_Of_Maharashtra_on_17_July_1984_1.PDF,Sharad Birdhichand Sarda vs State Of Maharashtra on 17 July 1984 1,1984,5,2025,25.0,11.190685
Violent Crime / Homicide,Dalip_Singh_And_Others_vs_State_Of_Punjab_on_15_May_1953_1.PDF,Dalip Singh And Others vs State Of Punjab on 15 May 1953 1,1953,6,2025,17.0,10.725452
Violent Crime / Homicide,Atley_vs_State_Of_Uttar_Pradesh_on_16_September_1955_1.PDF,Atley vs State Of Uttar Pradesh on 16 September 1955 1,1955,7,2025,15.0,9.90898
Violent Crime / Homicide,Bachan_Singh_vs_State_Of_Punjab_on_9_May_1980_1.PDF,Bachan Singh vs State Of Punjab on 9 May 1980 1,1980,8,2025,20.0,9.653389
Violent Crime / Homicide,Kushal_Rao_vs_The_State_Of_Bombay_on_25_September_1957_1.PDF,Kushal Rao vs The State Of Bombay on 25 September 1957 1,1957,9,2025,13.0,8.032216
Violent Crime / Homicide,Maru_Ram_And_Ors_vs_Union_Of_India_Uoi_And_Ors_on_11_November_1980_1.PDF,Maru Ram And Ors vs Union Of India Uoi And Ors on 11 November 1980 1,1980,10,2025,15.0,7.724452
Combined (all domains),Kishun_Singh_And_Ors_vs_State_Of_Bihar_on_11_January_1993_1.PDF,Kishun Singh And Ors vs State Of Bihar on 11 January 1993 1,1993,1,1960,,
Combined (all domains),Mrs_Maneka_Gandhi_vs_Union_Of_India_Uoi_And_Anr_on_25_January_1978_1.PDF,Mrs Maneka Gandhi vs Union Of India Uoi And Anr on 25 January 1978 1,1978,2,1960,,
Combined (all domains),State_Of_Maharashtra_Etc_Etc_vs_Som_Nath_Thapa_Etc_Etc_on_12_April_1996_1.PDF,State Of Maharashtra Etc Etc vs Som Nath Thapa Etc Etc on 12 April 1996 1,1996,3,1960,,
Combined (all domains),Kundula_Bala_Subrahmanyam_And_Anr_vs_State_Of_Andhra_Pradesh_on_26_March_1993_1.PDF,Kundula Bala Subrahmanyam And Anr vs State Of Andhra Pradesh on 26 March 1993 1,1993,4,1960,,
Combined (all domains),Malkiat_Singh_And_Ors_vs_State_Of_Punjab_on_10_April_1991_1.PDF,Malkiat Singh And Ors vs State Of Punjab on 10 April 1991 1,1991,5,1960,,
Combined (all domains),Kartar_Singh_vs_State_Of_Punjab_on_11_March_1994_1.PDF,Kartar Singh vs State Of Punjab on 11 March 1994 1,1994,6,1960,,
Combined (all domains),A_K_Gopalan_vs_The_State_Of_Madras_Union_Of_India__on_19_May_1950_1.PDF,A K Gopalan vs The State Of Madras Union Of India  on 19 May 1950 1,1950,7,1960,0.0,1.0
Combined (all domains),Ram_Singh_vs_The_State_Of_Delhi_And_Anotherbalraj_on_6_April_1951_1.PDF,Ram Singh vs The State Of Delhi And Anotherbalraj on 6 April 1951 1,1951,8,1960,0.0,1.0
Combined (all domains),Manakshi_Bala_vs_Sudhir_Kumar_M_K_Kukherjee_J_on_10_May_1994_1.PDF,Manakshi Bala vs Sudhir Kumar M K Kukherjee J on 10 May 1994 1,1994,9,1960,,
Combined (all domains),Bani_Singh_Ors_vs_State_Of_U_P_on_9_July_1996_1.PDF,Bani Singh Ors vs State Of U P on 9 July 1996 1,1996,10,1960,,
Combined (all domains),Kishun_Singh_And_Ors_vs_State_Of_Bihar_on_11_January_1993_1.PDF,Kishun Singh And Ors vs State Of Bihar on 11 January 1993 1,1993,1,1970,,
Combined (all domains),Mrs_Maneka_Gandhi_vs_Union_Of_India_Uoi_And_Anr_on_25_January_1978_1.PDF,Mrs Maneka Gandhi vs Union Of India Uoi And Anr on 25 January 1978 1,1978,2,1970,,
Combined (all domains),State_Of_Maharashtra_Etc_Etc_vs_Som_Nath_Thapa_Etc_Etc_on_12_April_1996_1.PDF,State Of Maharashtra Etc Etc vs Som Nath Thapa Etc Etc on 12 April 1996 1,1996,3,1970,,
Combined (all domains),Kundula_Bala_Subrahmanyam_And_Anr_vs_State_Of_Andhra_Pradesh_on_26_March_1993_1.PDF,Kundula Bala Subrahmanyam And Anr vs State Of Andhra Pradesh on 26 March 1993 1,1993,4,1970,,
Combined (all domains),Malkiat_Singh_And_Ors_vs_State_Of_Punjab_on_10_April_1991_1.PDF,Malkiat Singh And Ors vs State Of Punjab on 10 April 1991 1,1991,5,1970,,
Combined (all domains),Kartar_Singh_vs_State_Of_Punjab_on_11_March_1994_1.PDF,Kartar Singh vs State Of Punjab on 11 March 1994 1,1994,6,1970,,
Combined (all domains),A_K_Gopalan_vs_The_State_Of_Madras_Union_Of_India__on_19_May_1950_1.PDF,A K Gopalan vs The State Of Madras Union Of India  on 19 May 1950 1,1950,7,1970,0.0,0.998303
Combined (all domains),Ram_Singh_vs_The_State_Of_Delhi_And_Anotherbalraj_on_6_April_1951_1.PDF,Ram Singh vs The State Of Delhi And Anotherbalraj on 6 April 1951 1,1951,8,1970,0.0,0.998303
Combined (all domains),Manakshi_Bala_vs_Sudhir_Kumar_M_K_Kukherjee_J_on_10_May_1994_1.PDF,Manakshi Bala vs Sudhir Kumar M K Kukherjee J on 10 May 1994 1,1994,9,1970,,
Combined (all domains),Bani_Singh_Ors_vs_State_Of_U_P_on_9_July_1996_1.PDF,Bani Singh Ors vs State Of U P on 9 July 1996 1,1996,10,1970,,
Combined (all domains),Kishun_Singh_And_Ors_vs_State_Of_Bihar_on_11_January_1993_1.PDF,Kishun Singh And Ors vs State Of Bihar on 11 January 1993 1,1993,1,1980,,
Combined (all domains),Mrs_Maneka_Gandhi_vs_Union_Of_India_Uoi_And_Anr_on_25_January_1978_1.PDF,Mrs Maneka Gandhi vs Union Of India Uoi And Anr on 25 January 1978 1,1978,2,1980,2.0,2.216665
Combined (all domains),State_Of_Maharashtra_Etc_Etc_vs_Som_Nath_Thapa_Etc_Etc_on_12_April_1996_1.PDF,State Of Maharashtra Etc Etc vs Som Nath Thapa Etc Etc on 12 April 1996 1,1996,3,1980,,
Combined (all domains),Kundula_Bala_Subrahmanyam_And_Anr_vs_State_Of_Andhra_Pradesh_on_26_March_1993_1.PDF,Kundula Bala Subrahmanyam And Anr vs State Of Andhra Pradesh on 26 March 1993 1,1993,4,1980,,
Combined (all domains),Malkiat_Singh_And_Ors_vs_State_Of_Punjab_on_10_April_1991_1.PDF,Malkiat Singh And Ors vs State Of Punjab on 10 April 1991 1,1991,5,1980,,
Combined (all domains),Kartar_Singh_vs_State_Of_Punjab_on_11_March_1994_1.PDF,Kartar Singh vs State Of Punjab on 11 March 1994 1,1994,6,1980,,
Combined (all domains),A_K_Gopalan_vs_The_State_Of_Madras_Union_Of_India__on_19_May_1950_1.PDF,A K Gopalan vs The State Of Madras Union Of India  on 19 May 1950 1,1950,7,1980,6.0,4.842955
Combined (all domains),Ram_Singh_vs_The_State_Of_Delhi_And_Anotherbalraj_on_6_April_1951_1.PDF,Ram Singh vs The State Of Delhi And Anotherbalraj on 6 April 1951 1,1951,8,1980,3.0,2.496416
Combined (all domains),Manakshi_Bala_vs_Sudhir_Kumar_M_K_Kukherjee_J_on_10_May_1994_1.PDF,Manakshi Bala vs Sudhir Kumar M K Kukherjee J on 10 May 1994 1,1994,9,1980,,
Combined (all domains),Bani_Singh_Ors_vs_State_Of_U_P_on_9_July_1996_1.PDF,Bani Singh Ors vs State Of U P on 9 July 1996 1,1996,10,1980,,
Combined (all domains),Kishun_Singh_And_Ors_vs_State_Of_Bihar_on_11_January_1993_1.PDF,Kishun Singh And Ors vs State Of Bihar on 11 January 1993 1,1993,1,1990,,
Combined (all domains),Mrs_Maneka_Gandhi_vs_Union_Of_India_Uoi_And_Anr_on_25_January_1978_1.PDF,Mrs Maneka Gandhi vs Union Of India Uoi And Anr on 25 January 1978 1,1978,2,1990,8.0,4.651708
Combined (all domains),State_Of_Maharashtra_Etc_Etc_vs_Som_Nath_Thapa_Etc_Etc_on_12_April_1996_1.PDF,State Of Maharashtra Etc Etc vs Som Nath Thapa Etc Etc on 12 April 1996 1,1996,3,1990,,
Combined (all domains),Kundula_Bala_Subrahmanyam_And_Anr_vs_State_Of_Andhra_Pradesh_on_26_March_1993_1.PDF,Kundula Bala Subrahmanyam And Anr vs State Of Andhra Pradesh on 26 March 1993 1,1993,4,1990,,
Combined (all domains),Malkiat_Singh_And_Ors_vs_State_Of_Punjab_on_10_April_1991_1.PDF,Malkiat Singh And Ors vs State Of Punjab on 10 April 1991 1,1991,5,1990,,
Combined (all domains),Kartar_Singh_vs_State_Of_Punjab_on_11_March_1994_1.PDF,Kartar Singh vs State Of Punjab on 11 March 1994 1,1994,6,1990,,
Combined (all domains),A_K_Gopalan_vs_The_State_Of_Madras_Union_Of_India__on_19_May_1950_1.PDF,A K Gopalan vs The State Of Madras Union Of India  on 19 May 1950 1,1950,7,1990,10.0,7.59949
Combined (all domains),Ram_Singh_vs_The_State_Of_Delhi_And_Anotherbalraj_on_6_April_1951_1.PDF,Ram Singh vs The State Of Delhi And Anotherbalraj on 6 April 1951 1,1951,8,1990,4.0,3.695474
Combined (all domains),Manakshi_Bala_vs_Sudhir_Kumar_M_K_Kukherjee_J_on_10_May_1994_1.PDF,Manakshi Bala vs Sudhir Kumar M K Kukherjee J on 10 May 1994 1,1994,9,1990,,
Combined (all domains),Bani_Singh_Ors_vs_State_Of_U_P_on_9_July_1996_1.PDF,Bani Singh Ors vs State Of U P on 9 July 1996 1,1996,10,1990,,
Combined (all domains),Kishun_Singh_And_Ors_vs_State_Of_Bihar_on_11_January_1993_1.PDF,Kishun Singh And Ors vs State Of Bihar on 11 January 1993 1,1993,1,2000,3.0,12.357219
Combined (all domains),Mrs_Maneka_Gandhi_vs_Union_Of_India_Uoi_And_Anr_on_25_January_1978_1.PDF,Mrs Maneka Gandhi vs Union Of India Uoi And Anr on 25 January 1978 1,1978,2,2000,11.0,5.361133
Combined (all domains),State_Of_Maharashtra_Etc_Etc_vs_Som_Nath_Thapa_Etc_Etc_on_12_April_1996_1.PDF,State Of Maharashtra Etc Etc vs Som Nath Thapa Etc Etc on 12 April 1996 1,1996,3,2000,1.0,5.461926
Combined (all domains),Kundula_Bala_Subrahmanyam_And_Anr_vs_State_Of_Andhra_Pradesh_on_26_March_1993_1.PDF,Kundula Bala Subrahmanyam And Anr vs State Of Andhra Pradesh on 26 March 1993 1,1993,4,2000,2.0,7.760357
Combined (all domains),Malkiat_Singh_And_Ors_vs_State_Of_Punjab_on_10_April_1991_1.PDF,Malkiat Singh And Ors vs State Of Punjab on 10 April 1991 1,1991,5,2000,1.0,5.461926
Combined (all domains),Kartar_Singh_vs_State_Of_Punjab_on_11_March_1994_1.PDF,Kartar Singh vs State Of Punjab on 11 March 1994 1,1994,6,2000,5.0,2.494607
Combined (all domains),A_K_Gopalan_vs_The_State_Of_Madras_Union_Of_India__on_19_May_1950_1.PDF,A K Gopalan vs The State Of Madras Union Of India  on 19 May 1950 1,1950,7,2000,12.0,8.436482
Combined (all domains),Ram_Singh_vs_The_State_Of_Delhi_And_Anotherbalraj_on_6_April_1951_1.PDF,Ram Singh vs The State Of Delhi And Anotherbalraj on 6 April 1951 1,1951,8,2000,4.0,4.31488
Combined (all domains),Manakshi_Bala_vs_Sudhir_Kumar_M_K_Kukherjee_J_on_10_May_1994_1.PDF,Manakshi Bala vs Sudhir Kumar M K Kukherjee J on 10 May 1994 1,1994,9,2000,2.0,7.760357
Combined (all domains),Bani_Singh_Ors_vs_State_Of_U_P_on_9_July_1996_1.PDF,Bani Singh Ors vs State Of U P on 9 July 1996 1,1996,10,2000,1.0,5.461926
Combined (all domains),Kishun_Singh_And_Ors_vs_State_Of_Bihar_on_11_January_1993_1.PDF,Kishun Singh And Ors vs State Of Bihar on 11 January 1993 1,1993,1,2010,5.0,20.651805
Combined (all domains),Mrs_Maneka_Gandhi_vs_Union_Of_India_Uoi_And_Anr_on_25_January_1978_1.PDF,Mrs Maneka Gandhi vs Union Of India Uoi And Anr on 25 January 1978 1,1978,2,2010,18.0,8.671185
Combined (all domains),State_Of_Maharashtra_Etc_Etc_vs_Som_Nath_Thapa_Etc_Etc_on_12_April_1996_1.PDF,State Of Maharashtra Etc Etc vs Som Nath Thapa Etc Etc on 12 April 1996 1,1996,3,2010,2.0,9.537055
Combined (all domains),Kundula_Bala_Subrahmanyam_And_Anr_vs_State_Of_Andhra_Pradesh_on_26_March_1993_1.PDF,Kundula Bala Subrahmanyam And Anr vs State Of Andhra Pradesh on 26 March 1993 1,1993,4,2010,4.0,13.15978
Combined (all domains),Malkiat_Singh_And_Ors_vs_State_Of_Punjab_on_10_April_1991_1.PDF,Malkiat Singh And Ors vs State Of Punjab on 10 April 1991 1,1991,5,2010,2.0,5.91433
Combined (all domains),Kartar_Singh_vs_State_Of_Punjab_on_11_March_1994_1.PDF,Kartar Singh vs State Of Punjab on 11 March 1994 1,1994,6,2010,13.0,6.977611
Combined (all domains),A_K_Gopalan_vs_The_State_Of_Madras_Union_Of_India__on_19_May_1950_1.PDF,A K Gopalan vs The State Of Madras Union Of India  on 19 May 1950 1,1950,7,2010,13.0,10.83716
Combined (all domains),Ram_Singh_vs_The_State_Of_Delhi_And_Anotherbalraj_on_6_April_1951_1.PDF,Ram Singh vs The State Of Delhi And Anotherbalraj on 6 April 1951 1,1951,8,2010,4.0,7.425177
Combined (all domains),Manakshi_Bala_vs_Sudhir_Kumar_M_K_Kukherjee_J_on_10_May_1994_1.PDF,Manakshi Bala vs Sudhir Kumar M K Kukherjee J on 10 May 1994 1,1994,9,2010,3.0,13.525848
Combined (all domains),Bani_Singh_Ors_vs_State_Of_U_P_on_9_July_1996_1.PDF,Bani Singh Ors vs State Of U P on 9 July 1996 1,1996,10,2010,1.0,5.189785
Combined (all domains),Kishun_Singh_And_Ors_vs_State_Of_Bihar_on_11_January_1993_1.PDF,Kishun Singh And Ors vs State Of Bihar on 11 January 1993 1,1993,1,2020,10.0,35.569899
Combined (all domains),Mrs_Maneka_Gandhi_vs_Union_Of_India_Uoi_And_Anr_on_25_January_1978_1.PDF,Mrs Maneka Gandhi vs Union Of India Uoi And Anr on 25 January 1978 1,1978,2,2020,54.0,21.440794
Combined (all domains),State_Of_Maharashtra_Etc_Etc_vs_Som_Nath_Thapa_Etc_Etc_on_12_April_1996_1.PDF,State Of Maharashtra Etc Etc vs Som Nath Thapa Etc Etc on 12 April 1996 1,1996,3,2020,8.0,22.806199
Combined (all domains),Kundula_Bala_Subrahmanyam_And_Anr_vs_State_Of_Andhra_Pradesh_on_26_March_1993_1.PDF,Kundula Bala Subrahmanyam And Anr vs State Of Andhra Pradesh on 26 March 1993 1,1993,4,2020,7.0,17.209589
Combined (all domains),Malkiat_Singh_And_Ors_vs_State_Of_Punjab_on_10_April_1991_1.PDF,Malkiat Singh And Ors vs State Of Punjab on 10 April 1991 1,1991,5,2020,10.0,22.836127
Combined (all domains),Kartar_Singh_vs_State_Of_Punjab_on_11_March_1994_1.PDF,Kartar Singh vs State Of Punjab on 11 March 1994 1,1994,6,2020,39.0,18.845529
Combined (all domains),A_K_Gopalan_vs_The_State_Of_Madras_Union_Of_India__on_19_May_1950_1.PDF,A K Gopalan vs The State Of Madras Union Of India  on 19 May 1950 1,1950,7,2020,20.0,17.729232
Combined (all domains),Ram_Singh_vs_The_State_Of_Delhi_And_Anotherbalraj_on_6_April_1951_1.PDF,Ram Singh vs The State Of Delhi And Anotherbalraj on 6 April 1951 1,1951,8,2020,5.0,14.65596
Combined (all domains),Manakshi_Bala_vs_Sudhir_Kumar_M_K_Kukherjee_J_on_10_May_1994_1.PDF,Manakshi Bala vs Sudhir Kumar M K Kukherjee J on 10 May 1994 1,1994,9,2020,3.0,12.30878
Combined (all domains),Bani_Singh_Ors_vs_State_Of_U_P_on_9_July_1996_1.PDF,Bani Singh Ors vs State Of U P on 9 July 1996 1,1996,10,2020,2.0,8.697099
Combined (all domains),Kishun_Singh_And_Ors_vs_State_Of_Bihar_on_11_January_1993_1.PDF,Kishun Singh And Ors vs State Of Bihar on 11 January 1993 1,1993,1,2025,12.0,39.913831
Combined (all domains),Mrs_Maneka_Gandhi_vs_Union_Of_India_Uoi_And_Anr_on_25_January_1978_1.PDF,Mrs Maneka Gandhi vs Union Of India Uoi And Anr on 25 January 1978 1,1978,2,2025,76.0,31.547289
Combined (all domains),State_Of_Maharashtra_Etc_Etc_vs_Som_Nath_Thapa_Etc_Etc_on_12_April_1996_1.PDF,State Of Maharashtra Etc Etc vs Som Nath Thapa Etc Etc on 12 April 1996 1,1996,3,2025,11.0,28.33707
Combined (all domains),Kundula_Bala_Subrahmanyam_And_Anr_vs_State_Of_Andhra_Pradesh_on_26_March_1993_1.PDF,Kundula Bala Subrahmanyam And Anr vs State Of Andhra Pradesh on 26 March 1993 1,1993,4,2025,10.0,23.579396
Combined (all domains),Malkiat_Singh_And_Ors_vs_State_Of_Punjab_on_10_April_1991_1.PDF,Malkiat Singh And Ors vs State Of Punjab on 10 April 1991 1,1991,5,2025,11.0,23.291053
Combined (all domains),Kartar_Singh_vs_State_Of_Punjab_on_11_March_1994_1.PDF,Kartar Singh vs State Of Punjab on 11 March 1994 1,1994,6,2025,46.0,22.908104
Combined (all domains),A_K_Gopalan_vs_The_State_Of_Madras_Union_Of_India__on_19_May_1950_1.PDF,A K Gopalan vs The State Of Madras Union Of India  on 19 May 1950 1,1950,7,2025,21.0,22.704266
Combined (all domains),Ram_Singh_vs_The_State_Of_Delhi_And_Anotherbalraj_on_6_April_1951_1.PDF,Ram Singh vs The State Of Delhi And Anotherbalraj on 6 April 1951 1,1951,8,2025,5.0,19.006177
Combined (all domains),Manakshi_Bala_vs_Sudhir_Kumar_M_K_Kukherjee_J_on_10_May_1994_1.PDF,Manakshi Bala vs Sudhir Kumar M K Kukherjee J on 10 May 1994 1,1994,9,2025,4.0,17.767007
Combined (all domains),Bani_Singh_Ors_vs_State_Of_U_P_on_9_July_1996_1.PDF,Bani Singh Ors vs State Of U P on 9 July 1996 1,1996,10,2025,4.0,16.01243
