crime_category,subcategory,act,section_for_retrieval,ipc_bns_mapping_note,keywords,inclusion_rule,exclusion_rule,source
Financial Fraud,Cheating,IPC / BNS,"IPC 415, 417, 418, 419, 420; BNS 318, 319","IPC 415/417/418/419/420 <-> BNS 318/319; not 1:1. BNS 319 is specifically cheating by personation (overlaps conceptually with Digital Fraud domain).","cheating, dishonest inducement, fraudulent inducement, deception, delivery of property","Judgment substantively adjudicates the cheating charge on its merits","Section cited only in passing/background",India Code
Financial Fraud,Criminal Breach of Trust,IPC / BNS,"IPC 405, 406, 407, 408, 409; BNS 316",IPC 405-409 family <-> BNS 316,"criminal breach of trust, breach of trust, entrustment, dishonest misappropriation, conversion","Core issue is misuse of entrusted property","Incidental mention alongside unrelated charges",India Code
Financial Fraud,Forgery & Falsification,IPC / BNS,"IPC 463, 465, 467, 468, 471, 477A; BNS 335, 336, 337, 338, 339, 340, 344",IPC 463/465/467/468/471/477A family <-> BNS 335-340 & 344,"forgery, forged document, false document, making a false document, forged electronic record, using forged document as genuine, falsification of accounts","Forgery is the central charge, not incidental evidence","Forgery mentioned only as supporting evidence for another crime",India Code
Financial Fraud,Corporate Fraud,Companies Act 2013,"Sec 447 (primary); 448, 449 (supporting)",N/A - not IPC/BNS based,"corporate fraud, wrongful gain, company affairs, false statement, false evidence","Section 447 substantively discussed","Companies Act cited for unrelated procedural matters",India Code
Financial Fraud,Money Laundering,PMLA 2002,"Sec 3 (primary); 4, 5, 8 (supporting)",N/A,"money laundering, proceeds of crime, attachment, confiscation, adjudication","PMLA laundering issue substantively adjudicated","PMLA mentioned only in case background/citation","India Code / DOR"
Financial Fraud,Tax/Economic Offences,CGST Act 2017,Sec 132,N/A,"tax evasion, fake invoice, bogus invoice, fake/bogus invoice, input tax credit fraud, fraudulent refund, false accounts","Section 132 offence substantively discussed","Passing GST reference without substantive offence discussion",India Code
Corruption,Bribery,PCA 1988,"Sec 7, 8",N/A,"bribe, gratification, public servant, undue advantage","Bribery charge substantively adjudicated","Section cited without case turning on bribery issue",India Code
Corruption,Undue Advantage / Influence,PCA 1988,"Sec 7A, 11",N/A,"undue advantage, influence, intermediary, obtaining advantage without consideration","Core issue is the act of influence/undue advantage","Incidental mention",India Code
Corruption,Criminal Misconduct,PCA 1988,"Sec 13 (current); Sec 13(1)(d) (historical provision; omitted w.e.f. 26 July 2018)",Pre-26-July-2018 judgments will cite the old 13(1)(d); post-amendment judgments cite current Sec 13,"criminal misconduct, disproportionate assets, illicit enrichment, misappropriation by public servant","Sec 13 or 13(1)(d) substantively discussed","Employment/service-law context only, no corruption charge",India Code
Corruption,Commercial Organisation Bribery,PCA 1988,"Sec 9, 10 (supporting/optional)",N/A,"commercial organisation, bribing on behalf of company","Substantive charge under Sec 9/10","Passing mention",India Code
Corruption,Abetment (supporting only),PCA 1988,Sec 12,N/A,"abetment, conspiracy to bribe","Only as a supporting signal alongside a primary corruption section","Standalone generic conspiracy unrelated to corruption",India Code
Digital Financial Fraud,Identity Theft,IT Act 2000,Sec 66C,N/A,"identity theft, fraudulent use of credentials, password theft","Sec 66C + a financial/property element present","Sec 66C case with no monetary component",India Code
Digital Financial Fraud,Online Cheating / Personation,IT Act 2000 + IPC/BNS (supporting),"Sec 66D (primary); IPC 419, 420 / BNS 318, 319 (supporting, not required jointly)",BNS 319 = cheating by personation; relevant cross-reference,"online cheating, computer-based personation, cyber-enabled cheating, impersonation, cyber fraud","Sec 66D + financial deception substantively discussed","Personation case unrelated to money",India Code
Digital Financial Fraud,Cyber-enabled Financial Offence,IT Act 2000,"Sec 43, 66 (supporting signals only)",N/A,"unauthorized access, hacking, data theft, account compromise, financial loss, unauthorized transaction","Sec 43/66 + financial loss/deception context","Hacking/access case with no financial fraud element",India Code
Digital Financial Fraud,Digital/Payment Fraud,IT Act 2000 + IPC/BNS (independent signals),"IT Act 43/66/66D + IPC 419/420 or BNS 318/319, where applicable (either, not both required)",Independent candidate signals, not a joint requirement,"UPI fraud, online payment fraud, digital wallet fraud, phishing, bank fraud online","Digital signal + financial loss + substantive adjudication","Neither signal present, or no financial element",India Code
