citing_file_name,citing_domain,cited_citation_normalized,cited_file_name,cited_domain,edge_type
Kuriachan_Chacko_Ors_vs_State_Of_Kerala_on_10_July_2008_1.PDF,Digital Financial Fraud,SCC 1982 1 561,,,UNRESOLVED
Kuriachan_Chacko_Ors_vs_State_Of_Kerala_on_10_July_2008_1.PDF,Digital Financial Fraud,SCC 1971 2 96,,,UNRESOLVED
Kuriachan_Chacko_Ors_vs_State_Of_Kerala_on_10_July_2008_1.PDF,Digital Financial Fraud,SCC 1970 2 740,,,UNRESOLVED
Kuriachan_Chacko_Ors_vs_State_Of_Kerala_on_10_July_2008_1.PDF,Digital Financial Fraud,SCC 2000 4 168,,,UNRESOLVED
Kuriachan_Chacko_Ors_vs_State_Of_Kerala_on_10_July_2008_1.PDF,Digital Financial Fraud,SCC 2008 1 241,,,UNRESOLVED
Nikhil_Merchant_vs_C_B_I_Anr_on_20_August_2008_1.PDF,Digital Financial Fraud,SCC 1998 4 409,,,UNRESOLVED
Nirmal_Singh_Kahlon_vs_State_Of_Punjab_Ors_on_22_October_2008_1.PDF,Digital Financial Fraud,SCC 2001 6 181,,,UNRESOLVED
Nirmal_Singh_Kahlon_vs_State_Of_Punjab_Ors_on_22_October_2008_1.PDF,Digital Financial Fraud,SCC 2002 1 714,,,UNRESOLVED
Nirmal_Singh_Kahlon_vs_State_Of_Punjab_Ors_on_22_October_2008_1.PDF,Digital Financial Fraud,SCC 1998 1 226,,,UNRESOLVED
Nirmal_Singh_Kahlon_vs_State_Of_Punjab_Ors_on_22_October_2008_1.PDF,Digital Financial Fraud,SCC 1998 8 661,,,UNRESOLVED
Nirmal_Singh_Kahlon_vs_State_Of_Punjab_Ors_on_22_October_2008_1.PDF,Digital Financial Fraud,SCC 2006 6 613,,,UNRESOLVED
Nirmal_Singh_Kahlon_vs_State_Of_Punjab_Ors_on_22_October_2008_1.PDF,Digital Financial Fraud,SCC 2001 10 759,,,UNRESOLVED
Nirmal_Singh_Kahlon_vs_State_Of_Punjab_Ors_on_22_October_2008_1.PDF,Digital Financial Fraud,SCC 2006 12 421,,,UNRESOLVED
Nirmal_Singh_Kahlon_vs_State_Of_Punjab_Ors_on_22_October_2008_1.PDF,Digital Financial Fraud,SCC 2006 12 534,,,UNRESOLVED
Nirmal_Singh_Kahlon_vs_State_Of_Punjab_Ors_on_22_October_2008_1.PDF,Digital Financial Fraud,SCC 1979 2 322,Ram_Lal_Narang_Etc_Etc_vs_State_Of_Delhi_Admn_on_10_January_1979_1.PDF,Financial Fraud,CROSS_DOMAIN
Nirmal_Singh_Kahlon_vs_State_Of_Punjab_Ors_on_22_October_2008_1.PDF,Digital Financial Fraud,SCC 2008 2 383,,,UNRESOLVED
Nirmal_Singh_Kahlon_vs_State_Of_Punjab_Ors_on_22_October_2008_1.PDF,Digital Financial Fraud,SCC 2004 13 292,,,UNRESOLVED
Nirmal_Singh_Kahlon_vs_State_Of_Punjab_Ors_on_22_October_2008_1.PDF,Digital Financial Fraud,SCC 2007 1 110,,,UNRESOLVED
Nirmal_Singh_Kahlon_vs_State_Of_Punjab_Ors_on_22_October_2008_1.PDF,Digital Financial Fraud,SCC 2008 2 409,,,UNRESOLVED
Nirmal_Singh_Kahlon_vs_State_Of_Punjab_Ors_on_22_October_2008_1.PDF,Digital Financial Fraud,SCC 2008 3 542,,,UNRESOLVED
Nirmal_Singh_Kahlon_vs_State_Of_Punjab_Ors_on_22_October_2008_1.PDF,Digital Financial Fraud,SCR 1955 1 1150,,,UNRESOLVED
Monica_Bedi_vs_State_Of_A_P_on_9_November_2010_1.PDF,Digital Financial Fraud,AIR 1965 SC 682,,,UNRESOLVED
Monica_Bedi_vs_State_Of_A_P_on_9_November_2010_1.PDF,Digital Financial Fraud,SCC 2003 2 152,,,UNRESOLVED
Monica_Bedi_vs_State_Of_A_P_on_9_November_2010_1.PDF,Digital Financial Fraud,SCR 1953 730,Maqbool_Hussain_vs_The_State_Of_Bombay_Jagjit_Singhv_The_on_17_April_1953_1.PDF,Organized Crime / Extortion,CROSS_DOMAIN
Monica_Bedi_vs_State_Of_A_P_on_9_November_2010_1.PDF,Digital Financial Fraud,SCR 1954 1150,S_A_Venkataraman_vs_The_Union_Of_India_And_Another_on_30_March_1954_1.PDF,Corruption,CROSS_DOMAIN
Monica_Bedi_vs_State_Of_A_P_on_9_November_2010_1.PDF,Digital Financial Fraud,SCR 1958 822,Leo_Roy_Frey_vs_The_Superintendent_District_on_31_October_1957_1.PDF,,OUTSIDE_DOMAINS
Monica_Bedi_vs_State_Of_A_P_on_9_November_2010_1.PDF,Digital Financial Fraud,SCR 1961 3 107,,,UNRESOLVED
Chandran_Ratnaswami_vs_K_C_Palanisamy_Ors_on_9_May_2013_1.PDF,Digital Financial Fraud,AIR 1980 SC 326,,,UNRESOLVED
Chandran_Ratnaswami_vs_K_C_Palanisamy_Ors_on_9_May_2013_1.PDF,Digital Financial Fraud,AIR 1970 SC 786,,,UNRESOLVED
Chandran_Ratnaswami_vs_K_C_Palanisamy_Ors_on_9_May_2013_1.PDF,Digital Financial Fraud,AIR 1982 SC 949,,,UNRESOLVED
Chandran_Ratnaswami_vs_K_C_Palanisamy_Ors_on_9_May_2013_1.PDF,Digital Financial Fraud,SCC 1977 2 699,,,UNRESOLVED
Chandran_Ratnaswami_vs_K_C_Palanisamy_Ors_on_9_May_2013_1.PDF,Digital Financial Fraud,SCC 2005 1 122,,,UNRESOLVED
Chandran_Ratnaswami_vs_K_C_Palanisamy_Ors_on_9_May_2013_1.PDF,Digital Financial Fraud,SCC 2006 6 736,,,UNRESOLVED
Chandran_Ratnaswami_vs_K_C_Palanisamy_Ors_on_9_May_2013_1.PDF,Digital Financial Fraud,SCC 2007 12 1,,,UNRESOLVED
Chandran_Ratnaswami_vs_K_C_Palanisamy_Ors_on_9_May_2013_1.PDF,Digital Financial Fraud,SCC 2000 2 636,,,UNRESOLVED
Chandran_Ratnaswami_vs_K_C_Palanisamy_Ors_on_9_May_2013_1.PDF,Digital Financial Fraud,SCC 2005 10 336,,,UNRESOLVED
Hardeep_Singh_vs_State_Of_Punjab_Ors_on_10_January_2014_1.PDF,Digital Financial Fraud,AIR 2001 SC 2521,,,UNRESOLVED
Hardeep_Singh_vs_State_Of_Punjab_Ors_on_10_January_2014_1.PDF,Digital Financial Fraud,AIR 2007 SC 1899,,,UNRESOLVED
Hardeep_Singh_vs_State_Of_Punjab_Ors_on_10_January_2014_1.PDF,Digital Financial Fraud,AIR 2013 SC 3018,,,UNRESOLVED
Hardeep_Singh_vs_State_Of_Punjab_Ors_on_10_January_2014_1.PDF,Digital Financial Fraud,AIR 1998 SC 3148,,,UNRESOLVED
Hardeep_Singh_vs_State_Of_Punjab_Ors_on_10_January_2014_1.PDF,Digital Financial Fraud,AIR 1967 SC 1167,,,UNRESOLVED
Hardeep_Singh_vs_State_Of_Punjab_Ors_on_10_January_2014_1.PDF,Digital Financial Fraud,AIR 1983 SC 439,,,UNRESOLVED
Hardeep_Singh_vs_State_Of_Punjab_Ors_on_10_January_2014_1.PDF,Digital Financial Fraud,AIR 1996 SC 1931,,,UNRESOLVED
Hardeep_Singh_vs_State_Of_Punjab_Ors_on_10_January_2014_1.PDF,Digital Financial Fraud,AIR 2004 SC 1890,,,UNRESOLVED
Hardeep_Singh_vs_State_Of_Punjab_Ors_on_10_January_2014_1.PDF,Digital Financial Fraud,AIR 1957 SC 389,The_State_Of_Bihar_vs_Ram_Naresh_Pandey_on_31_January_1957_1.PDF,Violent Crime / Homicide,CROSS_DOMAIN
Hardeep_Singh_vs_State_Of_Punjab_Ors_on_10_January_2014_1.PDF,Digital Financial Fraud,AIR 1979 SC 94,,,UNRESOLVED
Hardeep_Singh_vs_State_Of_Punjab_Ors_on_10_January_2014_1.PDF,Digital Financial Fraud,AIR 1980 SC 962,,,UNRESOLVED
Hardeep_Singh_vs_State_Of_Punjab_Ors_on_10_January_2014_1.PDF,Digital Financial Fraud,AIR 1996 SC 1340,,,UNRESOLVED
Hardeep_Singh_vs_State_Of_Punjab_Ors_on_10_January_2014_1.PDF,Digital Financial Fraud,AIR 1997 SC 1539,,,UNRESOLVED
Hardeep_Singh_vs_State_Of_Punjab_Ors_on_10_January_2014_1.PDF,Digital Financial Fraud,AIR 1989 SC 836,,,UNRESOLVED
Hardeep_Singh_vs_State_Of_Punjab_Ors_on_10_January_2014_1.PDF,Digital Financial Fraud,AIR 1953 SC 333,,,UNRESOLVED
Hardeep_Singh_vs_State_Of_Punjab_Ors_on_10_January_2014_1.PDF,Digital Financial Fraud,AIR 1965 SC 1457,,,UNRESOLVED
Hardeep_Singh_vs_State_Of_Punjab_Ors_on_10_January_2014_1.PDF,Digital Financial Fraud,AIR 1966 SC 529,,,UNRESOLVED
Hardeep_Singh_vs_State_Of_Punjab_Ors_on_10_January_2014_1.PDF,Digital Financial Fraud,AIR 1993 SC 1014,,,UNRESOLVED
Hardeep_Singh_vs_State_Of_Punjab_Ors_on_10_January_2014_1.PDF,Digital Financial Fraud,AIR 1997 SC 1006,,,UNRESOLVED
Hardeep_Singh_vs_State_Of_Punjab_Ors_on_10_January_2014_1.PDF,Digital Financial Fraud,AIR 1997 SC 1511,,,UNRESOLVED
Hardeep_Singh_vs_State_Of_Punjab_Ors_on_10_January_2014_1.PDF,Digital Financial Fraud,AIR 1998 SC 74,,,UNRESOLVED
Hardeep_Singh_vs_State_Of_Punjab_Ors_on_10_January_2014_1.PDF,Digital Financial Fraud,AIR 1998 SC 703,,,UNRESOLVED
Hardeep_Singh_vs_State_Of_Punjab_Ors_on_10_January_2014_1.PDF,Digital Financial Fraud,AIR 2013 SC 30,,,UNRESOLVED
Hardeep_Singh_vs_State_Of_Punjab_Ors_on_10_January_2014_1.PDF,Digital Financial Fraud,AIR 2001 SC 2747,,,UNRESOLVED
Hardeep_Singh_vs_State_Of_Punjab_Ors_on_10_January_2014_1.PDF,Digital Financial Fraud,AIR 1989 SC 335,,,UNRESOLVED
Hardeep_Singh_vs_State_Of_Punjab_Ors_on_10_January_2014_1.PDF,Digital Financial Fraud,AIR 1995 SC 1395,,,UNRESOLVED
Hardeep_Singh_vs_State_Of_Punjab_Ors_on_10_January_2014_1.PDF,Digital Financial Fraud,AIR 2008 SC 968,,,UNRESOLVED
Hardeep_Singh_vs_State_Of_Punjab_Ors_on_10_January_2014_1.PDF,Digital Financial Fraud,AIR 2011 SC 760,,,UNRESOLVED
Hardeep_Singh_vs_State_Of_Punjab_Ors_on_10_January_2014_1.PDF,Digital Financial Fraud,AIR 2004 SC 355,,,UNRESOLVED
Hardeep_Singh_vs_State_Of_Punjab_Ors_on_10_January_2014_1.PDF,Digital Financial Fraud,AIR 1997 SC 331,,,UNRESOLVED
Hardeep_Singh_vs_State_Of_Punjab_Ors_on_10_January_2014_1.PDF,Digital Financial Fraud,AIR 2004 SC 2943,,,UNRESOLVED
Hardeep_Singh_vs_State_Of_Punjab_Ors_on_10_January_2014_1.PDF,Digital Financial Fraud,AIR 1975 SC 1252,,,UNRESOLVED
Hardeep_Singh_vs_State_Of_Punjab_Ors_on_10_January_2014_1.PDF,Digital Financial Fraud,AIR 1976 SC 294,Sat_Paul_vs_Delhi_Administration_on_30_September_1975_1.PDF,Corruption,CROSS_DOMAIN
Hardeep_Singh_vs_State_Of_Punjab_Ors_on_10_January_2014_1.PDF,Digital Financial Fraud,AIR 1986 SC 250,,,UNRESOLVED
Hardeep_Singh_vs_State_Of_Punjab_Ors_on_10_January_2014_1.PDF,Digital Financial Fraud,AIR 2006 SC 1892,,,UNRESOLVED
Hardeep_Singh_vs_State_Of_Punjab_Ors_on_10_January_2014_1.PDF,Digital Financial Fraud,AIR 1964 SC 949,,,UNRESOLVED
Hardeep_Singh_vs_State_Of_Punjab_Ors_on_10_January_2014_1.PDF,Digital Financial Fraud,AIR 2008 SC 95,,,UNRESOLVED
Hardeep_Singh_vs_State_Of_Punjab_Ors_on_10_January_2014_1.PDF,Digital Financial Fraud,AIR 2007 SC 2786,,,UNRESOLVED
Hardeep_Singh_vs_State_Of_Punjab_Ors_on_10_January_2014_1.PDF,Digital Financial Fraud,AIR 1963 SC 1094,,,UNRESOLVED
Hardeep_Singh_vs_State_Of_Punjab_Ors_on_10_January_2014_1.PDF,Digital Financial Fraud,AIR 2009 SC 2792,,,UNRESOLVED
Hardeep_Singh_vs_State_Of_Punjab_Ors_on_10_January_2014_1.PDF,Digital Financial Fraud,AIR 2009 SC 1248,,,UNRESOLVED
Hardeep_Singh_vs_State_Of_Punjab_Ors_on_10_January_2014_1.PDF,Digital Financial Fraud,AIR 2000 SC 1127,,,UNRESOLVED
Hardeep_Singh_vs_State_Of_Punjab_Ors_on_10_January_2014_1.PDF,Digital Financial Fraud,AIR 1977 SC 1489,,,UNRESOLVED
Hardeep_Singh_vs_State_Of_Punjab_Ors_on_10_January_2014_1.PDF,Digital Financial Fraud,AIR 1989 SC 2045,,,UNRESOLVED
Hardeep_Singh_vs_State_Of_Punjab_Ors_on_10_January_2014_1.PDF,Digital Financial Fraud,AIR 2000 SC 2583,,,UNRESOLVED
Hardeep_Singh_vs_State_Of_Punjab_Ors_on_10_January_2014_1.PDF,Digital Financial Fraud,AIR 2002 SC 564,,,UNRESOLVED
Hardeep_Singh_vs_State_Of_Punjab_Ors_on_10_January_2014_1.PDF,Digital Financial Fraud,AIR 1979 SC 366,Union_Of_India_Uoi_vs_Prafulla_Kumar_Samal_And_Anr_on_6_November_1978_1.PDF,,OUTSIDE_DOMAINS
Hardeep_Singh_vs_State_Of_Punjab_Ors_on_10_January_2014_1.PDF,Digital Financial Fraud,AIR 2001 SC 1375,,,UNRESOLVED
Hardeep_Singh_vs_State_Of_Punjab_Ors_on_10_January_2014_1.PDF,Digital Financial Fraud,AIR 1990 SC 1962,,,UNRESOLVED
Hardeep_Singh_vs_State_Of_Punjab_Ors_on_10_January_2014_1.PDF,Digital Financial Fraud,AIR 1997 SC 2041,,,UNRESOLVED
Hardeep_Singh_vs_State_Of_Punjab_Ors_on_10_January_2014_1.PDF,Digital Financial Fraud,AIR 1977 SC 2018,,,UNRESOLVED
Hardeep_Singh_vs_State_Of_Punjab_Ors_on_10_January_2014_1.PDF,Digital Financial Fraud,AIR 1979 SC 339,,,UNRESOLVED
Hardeep_Singh_vs_State_Of_Punjab_Ors_on_10_January_2014_1.PDF,Digital Financial Fraud,AIR 2010 SC 518,,,UNRESOLVED
Hardeep_Singh_vs_State_Of_Punjab_Ors_on_10_January_2014_1.PDF,Digital Financial Fraud,AIR 1983 SC 67,,,UNRESOLVED
Hardeep_Singh_vs_State_Of_Punjab_Ors_on_10_January_2014_1.PDF,Digital Financial Fraud,SCC 2004 13 9,,,UNRESOLVED
Hardeep_Singh_vs_State_Of_Punjab_Ors_on_10_January_2014_1.PDF,Digital Financial Fraud,SCC 1993 2 16,Kishun_Singh_And_Ors_vs_State_Of_Bihar_on_11_January_1993_1.PDF,Financial Fraud,CROSS_DOMAIN
Hardeep_Singh_vs_State_Of_Punjab_Ors_on_10_January_2014_1.PDF,Digital Financial Fraud,SCC 1990 3 682,Punjab_Land_Development_vs_Presiding_Officer_Labour_on_4_May_1990_1.PDF,,OUTSIDE_DOMAINS
Hardeep_Singh_vs_State_Of_Punjab_Ors_on_10_January_2014_1.PDF,Digital Financial Fraud,SCC 2008 8 369,,,UNRESOLVED
Hardeep_Singh_vs_State_Of_Punjab_Ors_on_10_January_2014_1.PDF,Digital Financial Fraud,SCC 2003 1 433,,,UNRESOLVED
Hardeep_Singh_vs_State_Of_Punjab_Ors_on_10_January_2014_1.PDF,Digital Financial Fraud,SCC 2009 2 696,,,UNRESOLVED
Hardeep_Singh_vs_State_Of_Punjab_Ors_on_10_January_2014_1.PDF,Digital Financial Fraud,SCC 2009 13 608,,,UNRESOLVED
Hardeep_Singh_vs_State_Of_Punjab_Ors_on_10_January_2014_1.PDF,Digital Financial Fraud,SCC 2009 14 25,,,UNRESOLVED
Hardeep_Singh_vs_State_Of_Punjab_Ors_on_10_January_2014_1.PDF,Digital Financial Fraud,SCC 1989 1 715,Stree_Atyachar_Virodhi_Parishad_Etc_vs_Dilip_Nathumal_Chordia_Anr_on_8_February_1989_1.PDF,Violent Crime / Homicide,CROSS_DOMAIN
Hardeep_Singh_vs_State_Of_Punjab_Ors_on_10_January_2014_1.PDF,Digital Financial Fraud,SCC 1996 11 439,,,UNRESOLVED
Hardeep_Singh_vs_State_Of_Punjab_Ors_on_10_January_2014_1.PDF,Digital Financial Fraud,SCC 2005 12 327,,,UNRESOLVED
Hardeep_Singh_vs_State_Of_Punjab_Ors_on_10_January_2014_1.PDF,Digital Financial Fraud,SCC 2013 6 384,,,UNRESOLVED
Hardeep_Singh_vs_State_Of_Punjab_Ors_on_10_January_2014_1.PDF,Digital Financial Fraud,SCC 1990 4 580,,,UNRESOLVED
State_Of_Maharashtra_Trhu_Cbi_vs_Vikram_Anantrai_Doshi_Ors_on_19_September_2014_1.PDF,Digital Financial Fraud,AIR 2012 SCW 5333,,,UNRESOLVED
State_Of_Maharashtra_Trhu_Cbi_vs_Vikram_Anantrai_Doshi_Ors_on_19_September_2014_1.PDF,Digital Financial Fraud,SCC 2008 4 582,,,UNRESOLVED
State_Of_Maharashtra_Trhu_Cbi_vs_Vikram_Anantrai_Doshi_Ors_on_19_September_2014_1.PDF,Digital Financial Fraud,SCC 2009 6 364,,,UNRESOLVED
State_Of_Maharashtra_Trhu_Cbi_vs_Vikram_Anantrai_Doshi_Ors_on_19_September_2014_1.PDF,Digital Financial Fraud,SCC 1996 5 591,,,UNRESOLVED
State_Of_Maharashtra_Trhu_Cbi_vs_Vikram_Anantrai_Doshi_Ors_on_19_September_2014_1.PDF,Digital Financial Fraud,SCC 2008 9 677,,,UNRESOLVED
State_Of_Maharashtra_Trhu_Cbi_vs_Vikram_Anantrai_Doshi_Ors_on_19_September_2014_1.PDF,Digital Financial Fraud,SCC 2009 6 351,,,UNRESOLVED
State_Of_Maharashtra_Trhu_Cbi_vs_Vikram_Anantrai_Doshi_Ors_on_19_September_2014_1.PDF,Digital Financial Fraud,SCC 2012 10 303,,,UNRESOLVED
State_Of_Maharashtra_Trhu_Cbi_vs_Vikram_Anantrai_Doshi_Ors_on_19_September_2014_1.PDF,Digital Financial Fraud,SCC 2013 10 686,,,UNRESOLVED
Sanjiv_Rajendra_Bhatt_vs_Union_Of_India_Ors_on_13_October_2015_1.PDF,Digital Financial Fraud,AIR 1953 SC 185,,,UNRESOLVED
Sanjiv_Rajendra_Bhatt_vs_Union_Of_India_Ors_on_13_October_2015_1.PDF,Digital Financial Fraud,SCC 2011 12 302,,,UNRESOLVED
Sanjiv_Rajendra_Bhatt_vs_Union_Of_India_Ors_on_13_October_2015_1.PDF,Digital Financial Fraud,SCC 2010 2 114,,,UNRESOLVED
Sanjiv_Rajendra_Bhatt_vs_Union_Of_India_Ors_on_13_October_2015_1.PDF,Digital Financial Fraud,SCC 2007 1 110,,,UNRESOLVED
Sanjiv_Rajendra_Bhatt_vs_Union_Of_India_Ors_on_13_October_2015_1.PDF,Digital Financial Fraud,SCC 1985 2 537,,,UNRESOLVED
Sanjiv_Rajendra_Bhatt_vs_Union_Of_India_Ors_on_13_October_2015_1.PDF,Digital Financial Fraud,SCC 1998 8 661,,,UNRESOLVED
Sanjiv_Rajendra_Bhatt_vs_Union_Of_India_Ors_on_13_October_2015_1.PDF,Digital Financial Fraud,SCC 1996 2 199,,,UNRESOLVED
Sanjiv_Rajendra_Bhatt_vs_Union_Of_India_Ors_on_13_October_2015_1.PDF,Digital Financial Fraud,SCC 2008 2 409,,,UNRESOLVED
Sanjiv_Rajendra_Bhatt_vs_Union_Of_India_Ors_on_13_October_2015_1.PDF,Digital Financial Fraud,SCC 1996 11 253,,,UNRESOLVED
Sanjiv_Rajendra_Bhatt_vs_Union_Of_India_Ors_on_13_October_2015_1.PDF,Digital Financial Fraud,SCC 2012 8 106,,,UNRESOLVED
Sanjiv_Rajendra_Bhatt_vs_Union_Of_India_Ors_on_13_October_2015_1.PDF,Digital Financial Fraud,SCC 2014 4 626,,,UNRESOLVED
Sanjiv_Rajendra_Bhatt_vs_Union_Of_India_Ors_on_13_October_2015_1.PDF,Digital Financial Fraud,SCC 1996 11 253,,,UNRESOLVED
Sanjiv_Rajendra_Bhatt_vs_Union_Of_India_Ors_on_13_October_2015_1.PDF,Digital Financial Fraud,SCC 2010 10 744,,,UNRESOLVED
Sanjiv_Rajendra_Bhatt_vs_Union_Of_India_Ors_on_13_October_2015_1.PDF,Digital Financial Fraud,SCC 1991 3 756,The_Janata_Dal_Ors_Etc_vs_H_S_Chowdhary_Ors_Etc_on_27_August_1991_1.PDF,Corruption; Financial Fraud,CROSS_DOMAIN
Sanjiv_Rajendra_Bhatt_vs_Union_Of_India_Ors_on_13_October_2015_1.PDF,Digital Financial Fraud,SCC 2010 12 254,,,UNRESOLVED
Sanjiv_Rajendra_Bhatt_vs_Union_Of_India_Ors_on_13_October_2015_1.PDF,Digital Financial Fraud,SCC 2004 4 158,,,UNRESOLVED
Sanjiv_Rajendra_Bhatt_vs_Union_Of_India_Ors_on_13_October_2015_1.PDF,Digital Financial Fraud,SCC 2010 2 200,,,UNRESOLVED
Sanjiv_Rajendra_Bhatt_vs_Union_Of_India_Ors_on_13_October_2015_1.PDF,Digital Financial Fraud,SCC 2011 5 79,,,UNRESOLVED
Sanjiv_Rajendra_Bhatt_vs_Union_Of_India_Ors_on_13_October_2015_1.PDF,Digital Financial Fraud,SCC 2012 10 545,,,UNRESOLVED
Sanjiv_Rajendra_Bhatt_vs_Union_Of_India_Ors_on_13_October_2015_1.PDF,Digital Financial Fraud,SCC 1996 2 199,,,UNRESOLVED
Sanjiv_Rajendra_Bhatt_vs_Union_Of_India_Ors_on_13_October_2015_1.PDF,Digital Financial Fraud,SCC 1998 8 661,,,UNRESOLVED
Sanjiv_Rajendra_Bhatt_vs_Union_Of_India_Ors_on_13_October_2015_1.PDF,Digital Financial Fraud,SCC 2007 1 110,,,UNRESOLVED
Sanjiv_Rajendra_Bhatt_vs_Union_Of_India_Ors_on_13_October_2015_1.PDF,Digital Financial Fraud,SCC 2011 1 560,,,UNRESOLVED
Sanjiv_Rajendra_Bhatt_vs_Union_Of_India_Ors_on_13_October_2015_1.PDF,Digital Financial Fraud,SCC 2014 2 687,,,UNRESOLVED
Sanjiv_Rajendra_Bhatt_vs_Union_Of_India_Ors_on_13_October_2015_1.PDF,Digital Financial Fraud,SCC 2014 2 532,,,UNRESOLVED
Sanjiv_Rajendra_Bhatt_vs_Union_Of_India_Ors_on_13_October_2015_1.PDF,Digital Financial Fraud,SCC 2009 6 342,,,UNRESOLVED
Sanjiv_Rajendra_Bhatt_vs_Union_Of_India_Ors_on_13_October_2015_1.PDF,Digital Financial Fraud,SCC 2011 8 1,,,UNRESOLVED
Sanjiv_Rajendra_Bhatt_vs_Union_Of_India_Ors_on_13_October_2015_1.PDF,Digital Financial Fraud,SCC 2011 9 182,,,UNRESOLVED
Sanjiv_Rajendra_Bhatt_vs_Union_Of_India_Ors_on_13_October_2015_1.PDF,Digital Financial Fraud,SCC 2013 15 578,,,UNRESOLVED
Sanjiv_Rajendra_Bhatt_vs_Union_Of_India_Ors_on_13_October_2015_1.PDF,Digital Financial Fraud,SCC 1981 2 577,,,UNRESOLVED
Sanjiv_Rajendra_Bhatt_vs_Union_Of_India_Ors_on_13_October_2015_1.PDF,Digital Financial Fraud,SCC 1996 5 216,,,UNRESOLVED
Shreya_Singhal_vs_U_O_I_on_24_March_2015_1.PDF,Digital Financial Fraud,SCC 2010 5 600,,,UNRESOLVED
Shreya_Singhal_vs_U_O_I_on_24_March_2015_1.PDF,Digital Financial Fraud,SCC 1995 2 161,The_Secretary_Ministry_Of_Information_vs_Cricket_Association_Of_Bengal_Anr_on_9_February_1995_1.PDF,,OUTSIDE_DOMAINS
Shreya_Singhal_vs_U_O_I_on_24_March_2015_1.PDF,Digital Financial Fraud,SCC 1989 2 574,S_Rangarajan_Etc_vs_P_Jagjivan_Ram_on_30_March_1989_1.PDF,,OUTSIDE_DOMAINS
Shreya_Singhal_vs_U_O_I_on_24_March_2015_1.PDF,Digital Financial Fraud,SCC 2014 4 257,,,UNRESOLVED
Shreya_Singhal_vs_U_O_I_on_24_March_2015_1.PDF,Digital Financial Fraud,SCC 2014 4 257,,,UNRESOLVED
Shreya_Singhal_vs_U_O_I_on_24_March_2015_1.PDF,Digital Financial Fraud,SCC 1994 3 569,Kartar_Singh_vs_State_Of_Punjab_on_11_March_1994_1.PDF,Corruption; Organized Crime / Extortion,CROSS_DOMAIN
Shreya_Singhal_vs_U_O_I_on_24_March_2015_1.PDF,Digital Financial Fraud,SCC 2004 4 622,,,UNRESOLVED
Shreya_Singhal_vs_U_O_I_on_24_March_2015_1.PDF,Digital Financial Fraud,SCC 2010 5 246,,,UNRESOLVED
Shreya_Singhal_vs_U_O_I_on_24_March_2015_1.PDF,Digital Financial Fraud,SCC 2003 7 389,,,UNRESOLVED
Shreya_Singhal_vs_U_O_I_on_24_March_2015_1.PDF,Digital Financial Fraud,SCC 1994 6 632,R_Rajagopal_vs_State_Of_T_N_on_7_October_1994_1.PDF,Organized Crime / Extortion,CROSS_DOMAIN
Shreya_Singhal_vs_U_O_I_on_24_March_2015_1.PDF,Digital Financial Fraud,SCC 2010 5 600,,,UNRESOLVED
Shreya_Singhal_vs_U_O_I_on_24_March_2015_1.PDF,Digital Financial Fraud,SCC 1995 2,,,UNRESOLVED
Shreya_Singhal_vs_U_O_I_on_24_March_2015_1.PDF,Digital Financial Fraud,SCR 1985 2 287,,,UNRESOLVED
Shreya_Singhal_vs_U_O_I_on_24_March_2015_1.PDF,Digital Financial Fraud,SCR 1961 1 970,,,UNRESOLVED
Shreya_Singhal_vs_U_O_I_on_24_March_2015_1.PDF,Digital Financial Fraud,SCR 1950 594,Romesh_Thappar_vs_The_State_Of_Madras_on_26_May_1950_1.PDF,Violent Crime / Homicide,CROSS_DOMAIN
Shreya_Singhal_vs_U_O_I_on_24_March_2015_1.PDF,Digital Financial Fraud,SCR 1950 594,Romesh_Thappar_vs_The_State_Of_Madras_on_26_May_1950_1.PDF,Violent Crime / Homicide,CROSS_DOMAIN
Shreya_Singhal_vs_U_O_I_on_24_March_2015_1.PDF,Digital Financial Fraud,SCR 1951 682,The_State_Of_Bombay_And_Another_vs_F_N_Balsara_on_25_May_1951_1.PDF,,OUTSIDE_DOMAINS
Shreya_Singhal_vs_U_O_I_on_24_March_2015_1.PDF,Digital Financial Fraud,SCR 1953 1069,The_State_Of_Bombay_And_Another_vs_The_United_Motors_India_Ltd_And_on_30_March_1953_1.PDF,,OUTSIDE_DOMAINS
Dr_Rini_Johar_Anr_vs_State_Of_M_P_Ors___on_3_June_2016.PDF,Digital Financial Fraud,AIR 1980 SC 470,,,UNRESOLVED
Dr_Rini_Johar_Anr_vs_State_Of_M_P_Ors___on_3_June_2016.PDF,Digital Financial Fraud,SCC 1994 4 260,Joginder_Kumar_vs_State_Of_U_P_on_25_April_1994_1.PDF,,OUTSIDE_DOMAINS
Dr_Rini_Johar_Anr_vs_State_Of_M_P_Ors___on_3_June_2016.PDF,Digital Financial Fraud,SCC 1997 1 416,,,UNRESOLVED
Dr_Rini_Johar_Anr_vs_State_Of_M_P_Ors___on_3_June_2016.PDF,Digital Financial Fraud,SCC 1993 2 746,,,UNRESOLVED
Dr_Rini_Johar_Anr_vs_State_Of_M_P_Ors___on_3_June_2016.PDF,Digital Financial Fraud,SCC 1995 4 262,,,UNRESOLVED
Dr_Rini_Johar_Anr_vs_State_Of_M_P_Ors___on_3_June_2016.PDF,Digital Financial Fraud,SCC 2014 8 273,,,UNRESOLVED
Dr_Rini_Johar_Anr_vs_State_Of_M_P_Ors___on_3_June_2016.PDF,Digital Financial Fraud,SCC 2015 1 192,,,UNRESOLVED
Dr_Rini_Johar_Anr_vs_State_Of_M_P_Ors___on_3_June_2016.PDF,Digital Financial Fraud,SCC 2012 8 1,,,UNRESOLVED
Dr_Rini_Johar_Anr_vs_State_Of_M_P_Ors___on_3_June_2016.PDF,Digital Financial Fraud,SCC 2006 3 178,,,UNRESOLVED
Dr_Rini_Johar_Anr_vs_State_Of_M_P_Ors___on_3_June_2016.PDF,Digital Financial Fraud,SCC 2012 1 748,,,UNRESOLVED
Dr_Rini_Johar_Anr_vs_State_Of_M_P_Ors___on_3_June_2016.PDF,Digital Financial Fraud,SCC 2015 5 1,,,UNRESOLVED
Dr_Rini_Johar_Anr_vs_State_Of_M_P_Ors___on_3_June_2016.PDF,Digital Financial Fraud,SCC 2009 7 495,,,UNRESOLVED
Sharat_Babu_Digumarti_vs_Govt_Of_Nct_Of_Delhi_on_14_December_2016_1.PDF,Digital Financial Fraud,AIR 1965 SC 881,,,UNRESOLVED
Sharat_Babu_Digumarti_vs_Govt_Of_Nct_Of_Delhi_on_14_December_2016_1.PDF,Digital Financial Fraud,AIR 1951 SC 118,,,UNRESOLVED
Sharat_Babu_Digumarti_vs_Govt_Of_Nct_Of_Delhi_on_14_December_2016_1.PDF,Digital Financial Fraud,AIR 1952 SC 196,,,UNRESOLVED
Sharat_Babu_Digumarti_vs_Govt_Of_Nct_Of_Delhi_on_14_December_2016_1.PDF,Digital Financial Fraud,AIR 1962 SC 1166,,,UNRESOLVED
Sharat_Babu_Digumarti_vs_Govt_Of_Nct_Of_Delhi_on_14_December_2016_1.PDF,Digital Financial Fraud,AIR 1960 SC 633,,,UNRESOLVED
Sharat_Babu_Digumarti_vs_Govt_Of_Nct_Of_Delhi_on_14_December_2016_1.PDF,Digital Financial Fraud,AIR 1956 SC 614,,,UNRESOLVED
Sharat_Babu_Digumarti_vs_Govt_Of_Nct_Of_Delhi_on_14_December_2016_1.PDF,Digital Financial Fraud,SCC 2008 13 703,,,UNRESOLVED
Sharat_Babu_Digumarti_vs_Govt_Of_Nct_Of_Delhi_on_14_December_2016_1.PDF,Digital Financial Fraud,SCC 2010 2 398,,,UNRESOLVED
Sharat_Babu_Digumarti_vs_Govt_Of_Nct_Of_Delhi_on_14_December_2016_1.PDF,Digital Financial Fraud,SCC 2012 9 460,,,UNRESOLVED
Sharat_Babu_Digumarti_vs_Govt_Of_Nct_Of_Delhi_on_14_December_2016_1.PDF,Digital Financial Fraud,SCC 2015 5 1,,,UNRESOLVED
Sharat_Babu_Digumarti_vs_Govt_Of_Nct_Of_Delhi_on_14_December_2016_1.PDF,Digital Financial Fraud,SCC 2006 8 433,,,UNRESOLVED
Sharat_Babu_Digumarti_vs_Govt_Of_Nct_Of_Delhi_on_14_December_2016_1.PDF,Digital Financial Fraud,SCC 2014 4 257,,,UNRESOLVED
Sharat_Babu_Digumarti_vs_Govt_Of_Nct_Of_Delhi_on_14_December_2016_1.PDF,Digital Financial Fraud,SCC 2015 6 1,,,UNRESOLVED
Sharat_Babu_Digumarti_vs_Govt_Of_Nct_Of_Delhi_on_14_December_2016_1.PDF,Digital Financial Fraud,SCC 1977 1 750,,,UNRESOLVED
Sharat_Babu_Digumarti_vs_Govt_Of_Nct_Of_Delhi_on_14_December_2016_1.PDF,Digital Financial Fraud,SCC 2004 6 178,,,UNRESOLVED
Sharat_Babu_Digumarti_vs_Govt_Of_Nct_Of_Delhi_on_14_December_2016_1.PDF,Digital Financial Fraud,SCC 2003 7 110,,,UNRESOLVED
Sharat_Babu_Digumarti_vs_Govt_Of_Nct_Of_Delhi_on_14_December_2016_1.PDF,Digital Financial Fraud,SCC 2003 7 589,,,UNRESOLVED
Sharat_Babu_Digumarti_vs_Govt_Of_Nct_Of_Delhi_on_14_December_2016_1.PDF,Digital Financial Fraud,SCC 2004 9 755,,,UNRESOLVED
Sharat_Babu_Digumarti_vs_Govt_Of_Nct_Of_Delhi_on_14_December_2016_1.PDF,Digital Financial Fraud,SCC 2001 3 71,,,UNRESOLVED
Sharat_Babu_Digumarti_vs_Govt_Of_Nct_Of_Delhi_on_14_December_2016_1.PDF,Digital Financial Fraud,SCC 2009 7 526,,,UNRESOLVED
B_K_Educational_Services_Pvt_Ltd_vs_Parag_Gupta_And_Associates_on_11_October_2018_1.PDF,Digital Financial Fraud,AIR 1992 SC 1815,,,UNRESOLVED
B_K_Educational_Services_Pvt_Ltd_vs_Parag_Gupta_And_Associates_on_11_October_2018_1.PDF,Digital Financial Fraud,AIR 1973 SC 2537,,,UNRESOLVED
B_K_Educational_Services_Pvt_Ltd_vs_Parag_Gupta_And_Associates_on_11_October_2018_1.PDF,Digital Financial Fraud,AIR 1957 SC 540,,,UNRESOLVED
B_K_Educational_Services_Pvt_Ltd_vs_Parag_Gupta_And_Associates_on_11_October_2018_1.PDF,Digital Financial Fraud,AIR 1927 LAH 396,,,UNRESOLVED
B_K_Educational_Services_Pvt_Ltd_vs_Parag_Gupta_And_Associates_on_11_October_2018_1.PDF,Digital Financial Fraud,AIR 1950 BOM 74,,,UNRESOLVED
B_K_Educational_Services_Pvt_Ltd_vs_Parag_Gupta_And_Associates_on_11_October_2018_1.PDF,Digital Financial Fraud,AIR 1958 SC 328,,,UNRESOLVED
B_K_Educational_Services_Pvt_Ltd_vs_Parag_Gupta_And_Associates_on_11_October_2018_1.PDF,Digital Financial Fraud,AIR 1941 FC 5,,,UNRESOLVED
B_K_Educational_Services_Pvt_Ltd_vs_Parag_Gupta_And_Associates_on_11_October_2018_1.PDF,Digital Financial Fraud,SCC 2018 1 407,,,UNRESOLVED
B_K_Educational_Services_Pvt_Ltd_vs_Parag_Gupta_And_Associates_on_11_October_2018_1.PDF,Digital Financial Fraud,SCC 2015 7 58,,,UNRESOLVED
B_K_Educational_Services_Pvt_Ltd_vs_Parag_Gupta_And_Associates_on_11_October_2018_1.PDF,Digital Financial Fraud,SCC 1975 2 840,,,UNRESOLVED
B_K_Educational_Services_Pvt_Ltd_vs_Parag_Gupta_And_Associates_on_11_October_2018_1.PDF,Digital Financial Fraud,SCC 1975 2 840,,,UNRESOLVED
B_K_Educational_Services_Pvt_Ltd_vs_Parag_Gupta_And_Associates_on_11_October_2018_1.PDF,Digital Financial Fraud,SCC 1991 4 333,,,UNRESOLVED
B_K_Educational_Services_Pvt_Ltd_vs_Parag_Gupta_And_Associates_on_11_October_2018_1.PDF,Digital Financial Fraud,SCC 1975 2 840,,,UNRESOLVED
B_K_Educational_Services_Pvt_Ltd_vs_Parag_Gupta_And_Associates_on_11_October_2018_1.PDF,Digital Financial Fraud,SCC 1993 2 162,,,UNRESOLVED
B_K_Educational_Services_Pvt_Ltd_vs_Parag_Gupta_And_Associates_on_11_October_2018_1.PDF,Digital Financial Fraud,SCC 2011 6 739,,,UNRESOLVED
B_K_Educational_Services_Pvt_Ltd_vs_Parag_Gupta_And_Associates_on_11_October_2018_1.PDF,Digital Financial Fraud,SCC 1975 2 840,,,UNRESOLVED
B_K_Educational_Services_Pvt_Ltd_vs_Parag_Gupta_And_Associates_on_11_October_2018_1.PDF,Digital Financial Fraud,SCC 1994 4 602,Hitendra_Vishnu_Thakur_vs_State_Of_Maharashtra_on_12_July_1994_1.PDF,Organized Crime / Extortion,CROSS_DOMAIN
B_K_Educational_Services_Pvt_Ltd_vs_Parag_Gupta_And_Associates_on_11_October_2018_1.PDF,Digital Financial Fraud,SCC 1999 8 16,,,UNRESOLVED
B_K_Educational_Services_Pvt_Ltd_vs_Parag_Gupta_And_Associates_on_11_October_2018_1.PDF,Digital Financial Fraud,SCC 2001 8 24,,,UNRESOLVED
B_K_Educational_Services_Pvt_Ltd_vs_Parag_Gupta_And_Associates_on_11_October_2018_1.PDF,Digital Financial Fraud,SCC 2011 6 739,,,UNRESOLVED
B_K_Educational_Services_Pvt_Ltd_vs_Parag_Gupta_And_Associates_on_11_October_2018_1.PDF,Digital Financial Fraud,SCC 1999 3 657,,,UNRESOLVED
B_K_Educational_Services_Pvt_Ltd_vs_Parag_Gupta_And_Associates_on_11_October_2018_1.PDF,Digital Financial Fraud,SCC 2015 13 209,,,UNRESOLVED
B_K_Educational_Services_Pvt_Ltd_vs_Parag_Gupta_And_Associates_on_11_October_2018_1.PDF,Digital Financial Fraud,SCC 1997 3 472,,,UNRESOLVED
B_K_Educational_Services_Pvt_Ltd_vs_Parag_Gupta_And_Associates_on_11_October_2018_1.PDF,Digital Financial Fraud,SCC 2011 8 656,,,UNRESOLVED
B_K_Educational_Services_Pvt_Ltd_vs_Parag_Gupta_And_Associates_on_11_October_2018_1.PDF,Digital Financial Fraud,SCC 2004 4 95,,,UNRESOLVED
B_K_Educational_Services_Pvt_Ltd_vs_Parag_Gupta_And_Associates_on_11_October_2018_1.PDF,Digital Financial Fraud,SCC 2016 3 468,,,UNRESOLVED
B_K_Educational_Services_Pvt_Ltd_vs_Parag_Gupta_And_Associates_on_11_October_2018_1.PDF,Digital Financial Fraud,SCC 1999 3 657,,,UNRESOLVED
B_K_Educational_Services_Pvt_Ltd_vs_Parag_Gupta_And_Associates_on_11_October_2018_1.PDF,Digital Financial Fraud,SCC 1999 6 627,,,UNRESOLVED
B_K_Educational_Services_Pvt_Ltd_vs_Parag_Gupta_And_Associates_on_11_October_2018_1.PDF,Digital Financial Fraud,SCR 1964 6 261,,,UNRESOLVED
B_K_Educational_Services_Pvt_Ltd_vs_Parag_Gupta_And_Associates_on_11_October_2018_1.PDF,Digital Financial Fraud,SCR 1956 577,Ravula_Subba_Rao_And_Another_vs_The_Commissioner_Of_on_9_May_1956_1.PDF,,OUTSIDE_DOMAINS
B_K_Educational_Services_Pvt_Ltd_vs_Parag_Gupta_And_Associates_on_11_October_2018_1.PDF,Digital Financial Fraud,SCR 1953 1028,National_Sewing_Thread_Co_Ltd_vs_James_Chadwick_Bros_Ltd_J_P_Coats_on_7_May_1953_1.PDF,,OUTSIDE_DOMAINS
B_K_Educational_Services_Pvt_Ltd_vs_Parag_Gupta_And_Associates_on_11_October_2018_1.PDF,Digital Financial Fraud,SCR 1976 2 266,,,UNRESOLVED
B_K_Educational_Services_Pvt_Ltd_vs_Parag_Gupta_And_Associates_on_11_October_2018_1.PDF,Digital Financial Fraud,SCR 1976 2 266,,,UNRESOLVED
B_K_Educational_Services_Pvt_Ltd_vs_Parag_Gupta_And_Associates_on_11_October_2018_1.PDF,Digital Financial Fraud,SCR 1976 2 266,,,UNRESOLVED
B_K_Educational_Services_Pvt_Ltd_vs_Parag_Gupta_And_Associates_on_11_October_2018_1.PDF,Digital Financial Fraud,SCR 1976 2 266,,,UNRESOLVED
B_K_Educational_Services_Pvt_Ltd_vs_Parag_Gupta_And_Associates_on_11_October_2018_1.PDF,Digital Financial Fraud,SCR 1958 1122,Bombay_Dyeing_Manufacturing__Co_Ltd_vs_The_State_Of_Bombay_And_Others_on_20_December_1957.PDF,,OUTSIDE_DOMAINS
National_Investigation_Agency_vs_Zahoor_Ahmad_Shah_Watali_on_2_April_2019_1.PDF,Digital Financial Fraud,AIR 2012 SC 830,,,UNRESOLVED
National_Investigation_Agency_vs_Zahoor_Ahmad_Shah_Watali_on_2_April_2019_1.PDF,Digital Financial Fraud,AIR 1975 SC 915,,,UNRESOLVED
National_Investigation_Agency_vs_Zahoor_Ahmad_Shah_Watali_on_2_April_2019_1.PDF,Digital Financial Fraud,SCC 1994 4 602,Hitendra_Vishnu_Thakur_vs_State_Of_Maharashtra_on_12_July_1994_1.PDF,Organized Crime / Extortion,CROSS_DOMAIN
National_Investigation_Agency_vs_Zahoor_Ahmad_Shah_Watali_on_2_April_2019_1.PDF,Digital Financial Fraud,SCC 1990 4 76,,,UNRESOLVED
National_Investigation_Agency_vs_Zahoor_Ahmad_Shah_Watali_on_2_April_2019_1.PDF,Digital Financial Fraud,SCC 2017 11 783,,,UNRESOLVED
National_Investigation_Agency_vs_Zahoor_Ahmad_Shah_Watali_on_2_April_2019_1.PDF,Digital Financial Fraud,SCC 1991 3 655,K_Veeraswami_vs_Union_Of_India_And_Others_on_25_July_1991_1.PDF,Corruption,CROSS_DOMAIN
National_Investigation_Agency_vs_Zahoor_Ahmad_Shah_Watali_on_2_April_2019_1.PDF,Digital Financial Fraud,SCC 2002 9 670,,,UNRESOLVED
National_Investigation_Agency_vs_Zahoor_Ahmad_Shah_Watali_on_2_April_2019_1.PDF,Digital Financial Fraud,SCC 1998 3 410,,,UNRESOLVED
National_Investigation_Agency_vs_Zahoor_Ahmad_Shah_Watali_on_2_April_2019_1.PDF,Digital Financial Fraud,SCC 2005 5 294,,,UNRESOLVED
National_Investigation_Agency_vs_Zahoor_Ahmad_Shah_Watali_on_2_April_2019_1.PDF,Digital Financial Fraud,SCC 2007 1 242,,,UNRESOLVED
National_Investigation_Agency_vs_Zahoor_Ahmad_Shah_Watali_on_2_April_2019_1.PDF,Digital Financial Fraud,SCC 2005 8 21,,,UNRESOLVED
National_Investigation_Agency_vs_Zahoor_Ahmad_Shah_Watali_on_2_April_2019_1.PDF,Digital Financial Fraud,SCC 2004 7 528,,,UNRESOLVED
National_Investigation_Agency_vs_Zahoor_Ahmad_Shah_Watali_on_2_April_2019_1.PDF,Digital Financial Fraud,SCC 2001 6 338,,,UNRESOLVED
National_Investigation_Agency_vs_Zahoor_Ahmad_Shah_Watali_on_2_April_2019_1.PDF,Digital Financial Fraud,SCC 2005 2 13,,,UNRESOLVED
National_Investigation_Agency_vs_Zahoor_Ahmad_Shah_Watali_on_2_April_2019_1.PDF,Digital Financial Fraud,SCC 1978 1 118,,,UNRESOLVED
National_Investigation_Agency_vs_Zahoor_Ahmad_Shah_Watali_on_2_April_2019_1.PDF,Digital Financial Fraud,SCC 1975 1 559,,,UNRESOLVED
National_Investigation_Agency_vs_Zahoor_Ahmad_Shah_Watali_on_2_April_2019_1.PDF,Digital Financial Fraud,SCC 1994 3 569,Kartar_Singh_vs_State_Of_Punjab_on_11_March_1994_1.PDF,Corruption; Organized Crime / Extortion,CROSS_DOMAIN
National_Investigation_Agency_vs_Zahoor_Ahmad_Shah_Watali_on_2_April_2019_1.PDF,Digital Financial Fraud,SCC 1988 2 271,,,UNRESOLVED
National_Investigation_Agency_vs_Zahoor_Ahmad_Shah_Watali_on_2_April_2019_1.PDF,Digital Financial Fraud,SCC 1995 1 574,Khoday_Distilleries_Ltd_vs_State_Of_Karnataka_on_19_October_1994_1.PDF,,OUTSIDE_DOMAINS
National_Investigation_Agency_vs_Zahoor_Ahmad_Shah_Watali_on_2_April_2019_1.PDF,Digital Financial Fraud,SCR 1962 3 622,,,UNRESOLVED
The_State_Of_Uttar_Pradesh_vs_Aman_Mittal_on_4_September_2019_1.PDF,Digital Financial Fraud,AIR 1958 MAD 398,,,UNRESOLVED
The_State_Of_Uttar_Pradesh_vs_Aman_Mittal_on_4_September_2019_1.PDF,Digital Financial Fraud,AIR 1965 SC 195,,,UNRESOLVED
The_State_Of_Uttar_Pradesh_vs_Aman_Mittal_on_4_September_2019_1.PDF,Digital Financial Fraud,AIR 1964 SC 1372,,,UNRESOLVED
The_State_Of_Uttar_Pradesh_vs_Aman_Mittal_on_4_September_2019_1.PDF,Digital Financial Fraud,SCC 1980 1 554,,,UNRESOLVED
The_State_Of_Uttar_Pradesh_vs_Aman_Mittal_on_4_September_2019_1.PDF,Digital Financial Fraud,SCC 2003 2 649,,,UNRESOLVED
The_State_Of_Uttar_Pradesh_vs_Aman_Mittal_on_4_September_2019_1.PDF,Digital Financial Fraud,SCC 2012 7 621,,,UNRESOLVED
The_State_Of_Uttar_Pradesh_vs_Aman_Mittal_on_4_September_2019_1.PDF,Digital Financial Fraud,SCC 2017 2 18,,,UNRESOLVED
The_State_Of_Uttar_Pradesh_vs_Aman_Mittal_on_4_September_2019_1.PDF,Digital Financial Fraud,SCC 2015 5 1,,,UNRESOLVED
The_State_Of_Uttar_Pradesh_vs_Aman_Mittal_on_4_September_2019_1.PDF,Digital Financial Fraud,SCC 2019 4 376,,,UNRESOLVED
The_State_Of_Uttar_Pradesh_vs_Aman_Mittal_on_4_September_2019_1.PDF,Digital Financial Fraud,SCC 1978 3 119,,,UNRESOLVED
The_State_Of_Uttar_Pradesh_vs_Aman_Mittal_on_4_September_2019_1.PDF,Digital Financial Fraud,SCC 1986 4 146,,,UNRESOLVED
The_State_Of_Uttar_Pradesh_vs_Aman_Mittal_on_4_September_2019_1.PDF,Digital Financial Fraud,SCC 1989 2 356,,,UNRESOLVED
The_State_Of_Uttar_Pradesh_vs_Aman_Mittal_on_4_September_2019_1.PDF,Digital Financial Fraud,SCC 1989 4 187,,,UNRESOLVED
The_State_Of_Uttar_Pradesh_vs_Aman_Mittal_on_4_September_2019_1.PDF,Digital Financial Fraud,SCC 1996 7 1,,,UNRESOLVED
The_State_Of_Uttar_Pradesh_vs_Aman_Mittal_on_4_September_2019_1.PDF,Digital Financial Fraud,SCC 2000 5 373,,,UNRESOLVED
The_State_Of_Uttar_Pradesh_vs_Aman_Mittal_on_4_September_2019_1.PDF,Digital Financial Fraud,SCC 1997 6 78,,,UNRESOLVED
The_State_Of_Uttar_Pradesh_vs_Aman_Mittal_on_4_September_2019_1.PDF,Digital Financial Fraud,SCC 1996 3 463,,,UNRESOLVED
The_State_Of_Uttar_Pradesh_vs_Aman_Mittal_on_4_September_2019_1.PDF,Digital Financial Fraud,SCC 1998 7 386,,,UNRESOLVED
The_State_Of_Uttar_Pradesh_vs_Aman_Mittal_on_4_September_2019_1.PDF,Digital Financial Fraud,SCC 1969 2 74,Shankar_Ramchandra_Abhyankar_vs_Krishnaji_Dattatreya_Bapat_on_16_April_1969_1.PDF,,OUTSIDE_DOMAINS
The_State_Of_Uttar_Pradesh_vs_Aman_Mittal_on_4_September_2019_1.PDF,Digital Financial Fraud,SCC 1975 1 774,,,UNRESOLVED
The_State_Of_Uttar_Pradesh_vs_Aman_Mittal_on_4_September_2019_1.PDF,Digital Financial Fraud,SCC 1998 4 447,,,UNRESOLVED
The_State_Of_Uttar_Pradesh_vs_Aman_Mittal_on_4_September_2019_1.PDF,Digital Financial Fraud,SCC 1989 4 187,,,UNRESOLVED
The_State_Of_Uttar_Pradesh_vs_Aman_Mittal_on_4_September_2019_1.PDF,Digital Financial Fraud,SCC 2000 6 359,,,UNRESOLVED
The_State_Of_Uttar_Pradesh_vs_Aman_Mittal_on_4_September_2019_1.PDF,Digital Financial Fraud,SCC 1988 4 655,,,UNRESOLVED
The_State_Of_Uttar_Pradesh_vs_Aman_Mittal_on_4_September_2019_1.PDF,Digital Financial Fraud,SCC 2014 8 319,,,UNRESOLVED
The_State_Of_Uttar_Pradesh_vs_Aman_Mittal_on_4_September_2019_1.PDF,Digital Financial Fraud,SCC 2018 2 674,,,UNRESOLVED
The_State_Of_Uttar_Pradesh_vs_Aman_Mittal_on_4_September_2019_1.PDF,Digital Financial Fraud,SCC 1992 1 335,,,UNRESOLVED
The_State_Of_Uttar_Pradesh_vs_Aman_Mittal_on_4_September_2019_1.PDF,Digital Financial Fraud,SCR 1969 3 65,,,UNRESOLVED
Avitel_Post_Studioz_Limited_And_Ors_vs_Hsbc_Pi_Holding_Mauritius_Limited_on_19_August_2020_1.PDF,Digital Financial Fraud,AIR 1962 SC 406,,,UNRESOLVED
Avitel_Post_Studioz_Limited_And_Ors_vs_Hsbc_Pi_Holding_Mauritius_Limited_on_19_August_2020_1.PDF,Digital Financial Fraud,AIR 1962 SC 406,,,UNRESOLVED
Avitel_Post_Studioz_Limited_And_Ors_vs_Hsbc_Pi_Holding_Mauritius_Limited_on_19_August_2020_1.PDF,Digital Financial Fraud,AIR 1962 SC 406,,,UNRESOLVED
Avitel_Post_Studioz_Limited_And_Ors_vs_Hsbc_Pi_Holding_Mauritius_Limited_on_19_August_2020_1.PDF,Digital Financial Fraud,AIR 1962 SC 406,,,UNRESOLVED
Avitel_Post_Studioz_Limited_And_Ors_vs_Hsbc_Pi_Holding_Mauritius_Limited_on_19_August_2020_1.PDF,Digital Financial Fraud,AIR 1954 SC 397,,,UNRESOLVED
Avitel_Post_Studioz_Limited_And_Ors_vs_Hsbc_Pi_Holding_Mauritius_Limited_on_19_August_2020_1.PDF,Digital Financial Fraud,AIR 1954 SC 397,,,UNRESOLVED
Avitel_Post_Studioz_Limited_And_Ors_vs_Hsbc_Pi_Holding_Mauritius_Limited_on_19_August_2020_1.PDF,Digital Financial Fraud,AIR 1954 SC 397,,,UNRESOLVED
Avitel_Post_Studioz_Limited_And_Ors_vs_Hsbc_Pi_Holding_Mauritius_Limited_on_19_August_2020_1.PDF,Digital Financial Fraud,AIR 2002 SC 3372,,,UNRESOLVED
Avitel_Post_Studioz_Limited_And_Ors_vs_Hsbc_Pi_Holding_Mauritius_Limited_on_19_August_2020_1.PDF,Digital Financial Fraud,AIR 1945 PC 18,,,UNRESOLVED
Avitel_Post_Studioz_Limited_And_Ors_vs_Hsbc_Pi_Holding_Mauritius_Limited_on_19_August_2020_1.PDF,Digital Financial Fraud,AIR 2008 SC 1884,,,UNRESOLVED
Avitel_Post_Studioz_Limited_And_Ors_vs_Hsbc_Pi_Holding_Mauritius_Limited_on_19_August_2020_1.PDF,Digital Financial Fraud,AIR 1971 SC 1244,Karam_Chand_Ganga_Prasad_And_Anr_vs_Union_Of_India_Uoi_And_Ors_on_12_October_1970_1.PDF,,OUTSIDE_DOMAINS
Avitel_Post_Studioz_Limited_And_Ors_vs_Hsbc_Pi_Holding_Mauritius_Limited_on_19_August_2020_1.PDF,Digital Financial Fraud,AIR 1954 SC 397,,,UNRESOLVED
Avitel_Post_Studioz_Limited_And_Ors_vs_Hsbc_Pi_Holding_Mauritius_Limited_on_19_August_2020_1.PDF,Digital Financial Fraud,AIR 1971 SC 1244,Karam_Chand_Ganga_Prasad_And_Anr_vs_Union_Of_India_Uoi_And_Ors_on_12_October_1970_1.PDF,,OUTSIDE_DOMAINS
Avitel_Post_Studioz_Limited_And_Ors_vs_Hsbc_Pi_Holding_Mauritius_Limited_on_19_August_2020_1.PDF,Digital Financial Fraud,AIR 2002 SC 3372,,,UNRESOLVED
Avitel_Post_Studioz_Limited_And_Ors_vs_Hsbc_Pi_Holding_Mauritius_Limited_on_19_August_2020_1.PDF,Digital Financial Fraud,AIR 1922 BOM 303,,,UNRESOLVED
Avitel_Post_Studioz_Limited_And_Ors_vs_Hsbc_Pi_Holding_Mauritius_Limited_on_19_August_2020_1.PDF,Digital Financial Fraud,AIR 1939 CAL 473,,,UNRESOLVED
Avitel_Post_Studioz_Limited_And_Ors_vs_Hsbc_Pi_Holding_Mauritius_Limited_on_19_August_2020_1.PDF,Digital Financial Fraud,SCC 2014 6 677,,,UNRESOLVED
Avitel_Post_Studioz_Limited_And_Ors_vs_Hsbc_Pi_Holding_Mauritius_Limited_on_19_August_2020_1.PDF,Digital Financial Fraud,SCC 2010 1 72,,,UNRESOLVED
Avitel_Post_Studioz_Limited_And_Ors_vs_Hsbc_Pi_Holding_Mauritius_Limited_on_19_August_2020_1.PDF,Digital Financial Fraud,SCC 2015 1 32,,,UNRESOLVED
Avitel_Post_Studioz_Limited_And_Ors_vs_Hsbc_Pi_Holding_Mauritius_Limited_on_19_August_2020_1.PDF,Digital Financial Fraud,SCC 2019 8 710,,,UNRESOLVED
Avitel_Post_Studioz_Limited_And_Ors_vs_Hsbc_Pi_Holding_Mauritius_Limited_on_19_August_2020_1.PDF,Digital Financial Fraud,SCC 2016 10 386,,,UNRESOLVED
Avitel_Post_Studioz_Limited_And_Ors_vs_Hsbc_Pi_Holding_Mauritius_Limited_on_19_August_2020_1.PDF,Digital Financial Fraud,SCC 2003 6 503,,,UNRESOLVED
Avitel_Post_Studioz_Limited_And_Ors_vs_Hsbc_Pi_Holding_Mauritius_Limited_on_19_August_2020_1.PDF,Digital Financial Fraud,SCC 2010 8 24,,,UNRESOLVED
Avitel_Post_Studioz_Limited_And_Ors_vs_Hsbc_Pi_Holding_Mauritius_Limited_on_19_August_2020_1.PDF,Digital Financial Fraud,SCC 2011 5 532,,,UNRESOLVED
Avitel_Post_Studioz_Limited_And_Ors_vs_Hsbc_Pi_Holding_Mauritius_Limited_on_19_August_2020_1.PDF,Digital Financial Fraud,SCC 1999 5 688,,,UNRESOLVED
Avitel_Post_Studioz_Limited_And_Ors_vs_Hsbc_Pi_Holding_Mauritius_Limited_on_19_August_2020_1.PDF,Digital Financial Fraud,SCC 2000 4 539,,,UNRESOLVED
Avitel_Post_Studioz_Limited_And_Ors_vs_Hsbc_Pi_Holding_Mauritius_Limited_on_19_August_2020_1.PDF,Digital Financial Fraud,SCC 2016 8 788,,,UNRESOLVED
Avitel_Post_Studioz_Limited_And_Ors_vs_Hsbc_Pi_Holding_Mauritius_Limited_on_19_August_2020_1.PDF,Digital Financial Fraud,SCC 2011 5 532,,,UNRESOLVED
Avitel_Post_Studioz_Limited_And_Ors_vs_Hsbc_Pi_Holding_Mauritius_Limited_on_19_August_2020_1.PDF,Digital Financial Fraud,SCC 2014 6 677,,,UNRESOLVED
Avitel_Post_Studioz_Limited_And_Ors_vs_Hsbc_Pi_Holding_Mauritius_Limited_on_19_August_2020_1.PDF,Digital Financial Fraud,SCC 2010 1 72,,,UNRESOLVED
Avitel_Post_Studioz_Limited_And_Ors_vs_Hsbc_Pi_Holding_Mauritius_Limited_on_19_August_2020_1.PDF,Digital Financial Fraud,SCC 2015 1 32,,,UNRESOLVED
Avitel_Post_Studioz_Limited_And_Ors_vs_Hsbc_Pi_Holding_Mauritius_Limited_on_19_August_2020_1.PDF,Digital Financial Fraud,SCC 2014 6 677,,,UNRESOLVED
Avitel_Post_Studioz_Limited_And_Ors_vs_Hsbc_Pi_Holding_Mauritius_Limited_on_19_August_2020_1.PDF,Digital Financial Fraud,SCC 2005 8 618,,,UNRESOLVED
Avitel_Post_Studioz_Limited_And_Ors_vs_Hsbc_Pi_Holding_Mauritius_Limited_on_19_August_2020_1.PDF,Digital Financial Fraud,SCC 2010 1 72,,,UNRESOLVED
Avitel_Post_Studioz_Limited_And_Ors_vs_Hsbc_Pi_Holding_Mauritius_Limited_on_19_August_2020_1.PDF,Digital Financial Fraud,SCC 2010 1 72,,,UNRESOLVED
Avitel_Post_Studioz_Limited_And_Ors_vs_Hsbc_Pi_Holding_Mauritius_Limited_on_19_August_2020_1.PDF,Digital Financial Fraud,SCC 2010 1 72,,,UNRESOLVED
Avitel_Post_Studioz_Limited_And_Ors_vs_Hsbc_Pi_Holding_Mauritius_Limited_on_19_August_2020_1.PDF,Digital Financial Fraud,SCC 2010 1 72,,,UNRESOLVED
Avitel_Post_Studioz_Limited_And_Ors_vs_Hsbc_Pi_Holding_Mauritius_Limited_on_19_August_2020_1.PDF,Digital Financial Fraud,SCC 2010 1 72,,,UNRESOLVED
Avitel_Post_Studioz_Limited_And_Ors_vs_Hsbc_Pi_Holding_Mauritius_Limited_on_19_August_2020_1.PDF,Digital Financial Fraud,SCC 2010 1 72,,,UNRESOLVED
Avitel_Post_Studioz_Limited_And_Ors_vs_Hsbc_Pi_Holding_Mauritius_Limited_on_19_August_2020_1.PDF,Digital Financial Fraud,SCC 2010 1 72,,,UNRESOLVED
Avitel_Post_Studioz_Limited_And_Ors_vs_Hsbc_Pi_Holding_Mauritius_Limited_on_19_August_2020_1.PDF,Digital Financial Fraud,SCC 2010 1 72,,,UNRESOLVED
Avitel_Post_Studioz_Limited_And_Ors_vs_Hsbc_Pi_Holding_Mauritius_Limited_on_19_August_2020_1.PDF,Digital Financial Fraud,SCC 2018 15 678,,,UNRESOLVED
Avitel_Post_Studioz_Limited_And_Ors_vs_Hsbc_Pi_Holding_Mauritius_Limited_on_19_August_2020_1.PDF,Digital Financial Fraud,SCC 2002 8 87,,,UNRESOLVED
Avitel_Post_Studioz_Limited_And_Ors_vs_Hsbc_Pi_Holding_Mauritius_Limited_on_19_August_2020_1.PDF,Digital Financial Fraud,SCC 1995 5 767,V_M_Shah_vs_The_State_Of_Maharashtra_Anr_K_on_25_August_1995_1.PDF,,OUTSIDE_DOMAINS
Avitel_Post_Studioz_Limited_And_Ors_vs_Hsbc_Pi_Holding_Mauritius_Limited_on_19_August_2020_1.PDF,Digital Financial Fraud,SCC 1995 5 767,V_M_Shah_vs_The_State_Of_Maharashtra_Anr_K_on_25_August_1995_1.PDF,,OUTSIDE_DOMAINS
Avitel_Post_Studioz_Limited_And_Ors_vs_Hsbc_Pi_Holding_Mauritius_Limited_on_19_August_2020_1.PDF,Digital Financial Fraud,SCC 1995 5 767,V_M_Shah_vs_The_State_Of_Maharashtra_Anr_K_on_25_August_1995_1.PDF,,OUTSIDE_DOMAINS
Avitel_Post_Studioz_Limited_And_Ors_vs_Hsbc_Pi_Holding_Mauritius_Limited_on_19_August_2020_1.PDF,Digital Financial Fraud,SCC 1970 3 694,Karam_Chand_Ganga_Prasad_And_Anr_vs_Union_Of_India_Uoi_And_Ors_on_12_October_1970_1.PDF,,OUTSIDE_DOMAINS
Avitel_Post_Studioz_Limited_And_Ors_vs_Hsbc_Pi_Holding_Mauritius_Limited_on_19_August_2020_1.PDF,Digital Financial Fraud,SCC 2008 5 765,,,UNRESOLVED
Avitel_Post_Studioz_Limited_And_Ors_vs_Hsbc_Pi_Holding_Mauritius_Limited_on_19_August_2020_1.PDF,Digital Financial Fraud,SCC 2005 4 370,,,UNRESOLVED
Avitel_Post_Studioz_Limited_And_Ors_vs_Hsbc_Pi_Holding_Mauritius_Limited_on_19_August_2020_1.PDF,Digital Financial Fraud,SCC 2005 12 226,,,UNRESOLVED
Avitel_Post_Studioz_Limited_And_Ors_vs_Hsbc_Pi_Holding_Mauritius_Limited_on_19_August_2020_1.PDF,Digital Financial Fraud,SCC 2009 5 528,,,UNRESOLVED
Avitel_Post_Studioz_Limited_And_Ors_vs_Hsbc_Pi_Holding_Mauritius_Limited_on_19_August_2020_1.PDF,Digital Financial Fraud,SCC 2002 8 87,,,UNRESOLVED
Avitel_Post_Studioz_Limited_And_Ors_vs_Hsbc_Pi_Holding_Mauritius_Limited_on_19_August_2020_1.PDF,Digital Financial Fraud,SCC 1970 3 694,Karam_Chand_Ganga_Prasad_And_Anr_vs_Union_Of_India_Uoi_And_Ors_on_12_October_1970_1.PDF,,OUTSIDE_DOMAINS
Avitel_Post_Studioz_Limited_And_Ors_vs_Hsbc_Pi_Holding_Mauritius_Limited_on_19_August_2020_1.PDF,Digital Financial Fraud,SCC 2010 8 775,,,UNRESOLVED
Avitel_Post_Studioz_Limited_And_Ors_vs_Hsbc_Pi_Holding_Mauritius_Limited_on_19_August_2020_1.PDF,Digital Financial Fraud,SCC 1995 5 767,V_M_Shah_vs_The_State_Of_Maharashtra_Anr_K_on_25_August_1995_1.PDF,,OUTSIDE_DOMAINS
Avitel_Post_Studioz_Limited_And_Ors_vs_Hsbc_Pi_Holding_Mauritius_Limited_on_19_August_2020_1.PDF,Digital Financial Fraud,SCC 1995 5 767,V_M_Shah_vs_The_State_Of_Maharashtra_Anr_K_on_25_August_1995_1.PDF,,OUTSIDE_DOMAINS
Avitel_Post_Studioz_Limited_And_Ors_vs_Hsbc_Pi_Holding_Mauritius_Limited_on_19_August_2020_1.PDF,Digital Financial Fraud,SCC 2002 8 87,,,UNRESOLVED
Avitel_Post_Studioz_Limited_And_Ors_vs_Hsbc_Pi_Holding_Mauritius_Limited_on_19_August_2020_1.PDF,Digital Financial Fraud,SCC 1995 5 767,V_M_Shah_vs_The_State_Of_Maharashtra_Anr_K_on_25_August_1995_1.PDF,,OUTSIDE_DOMAINS
Avitel_Post_Studioz_Limited_And_Ors_vs_Hsbc_Pi_Holding_Mauritius_Limited_on_19_August_2020_1.PDF,Digital Financial Fraud,SCC 2008 5 765,,,UNRESOLVED
Avitel_Post_Studioz_Limited_And_Ors_vs_Hsbc_Pi_Holding_Mauritius_Limited_on_19_August_2020_1.PDF,Digital Financial Fraud,SCC 2005 4 370,,,UNRESOLVED
Avitel_Post_Studioz_Limited_And_Ors_vs_Hsbc_Pi_Holding_Mauritius_Limited_on_19_August_2020_1.PDF,Digital Financial Fraud,SCC 2009 5 528,,,UNRESOLVED
Avitel_Post_Studioz_Limited_And_Ors_vs_Hsbc_Pi_Holding_Mauritius_Limited_on_19_August_2020_1.PDF,Digital Financial Fraud,SCC 1970 3 694,Karam_Chand_Ganga_Prasad_And_Anr_vs_Union_Of_India_Uoi_And_Ors_on_12_October_1970_1.PDF,,OUTSIDE_DOMAINS
Avitel_Post_Studioz_Limited_And_Ors_vs_Hsbc_Pi_Holding_Mauritius_Limited_on_19_August_2020_1.PDF,Digital Financial Fraud,SCC 2009 13 729,,,UNRESOLVED
Avitel_Post_Studioz_Limited_And_Ors_vs_Hsbc_Pi_Holding_Mauritius_Limited_on_19_August_2020_1.PDF,Digital Financial Fraud,SCC 1970 3 694,Karam_Chand_Ganga_Prasad_And_Anr_vs_Union_Of_India_Uoi_And_Ors_on_12_October_1970_1.PDF,,OUTSIDE_DOMAINS
Avitel_Post_Studioz_Limited_And_Ors_vs_Hsbc_Pi_Holding_Mauritius_Limited_on_19_August_2020_1.PDF,Digital Financial Fraud,SCC 2002 8 87,,,UNRESOLVED
Avitel_Post_Studioz_Limited_And_Ors_vs_Hsbc_Pi_Holding_Mauritius_Limited_on_19_August_2020_1.PDF,Digital Financial Fraud,SCC 2013 7 622,,,UNRESOLVED
Avitel_Post_Studioz_Limited_And_Ors_vs_Hsbc_Pi_Holding_Mauritius_Limited_on_19_August_2020_1.PDF,Digital Financial Fraud,SCC 2002 8 87,,,UNRESOLVED
Avitel_Post_Studioz_Limited_And_Ors_vs_Hsbc_Pi_Holding_Mauritius_Limited_on_19_August_2020_1.PDF,Digital Financial Fraud,SCR 1962 3 702,,,UNRESOLVED
Avitel_Post_Studioz_Limited_And_Ors_vs_Hsbc_Pi_Holding_Mauritius_Limited_on_19_August_2020_1.PDF,Digital Financial Fraud,SCR 1954 1144,,,UNRESOLVED
Avitel_Post_Studioz_Limited_And_Ors_vs_Hsbc_Pi_Holding_Mauritius_Limited_on_19_August_2020_1.PDF,Digital Financial Fraud,SCR 1951 1,The_State_Of_Tripura_vs_The_Province_Of_East_Bengalunion_Of_on_4_December_1950_1.PDF,,OUTSIDE_DOMAINS
Bikramjit_Singh_vs_The_State_Of_Punjab_on_12_October_2020_1.PDF,Digital Financial Fraud,AIR 1979 SC 1369,,,UNRESOLVED
Bikramjit_Singh_vs_The_State_Of_Punjab_on_12_October_2020_1.PDF,Digital Financial Fraud,AIR 1993 SC 1,Aslam_Babalal_Desai_vs_State_Of_Maharashtra_on_15_September_1992_1.PDF,Violent Crime / Homicide,CROSS_DOMAIN
Bikramjit_Singh_vs_The_State_Of_Punjab_on_12_October_2020_1.PDF,Digital Financial Fraud,AIR 1990 SC 71,,,UNRESOLVED
Bikramjit_Singh_vs_The_State_Of_Punjab_on_12_October_2020_1.PDF,Digital Financial Fraud,AIR 1952 SC 106,,,UNRESOLVED
Bikramjit_Singh_vs_The_State_Of_Punjab_on_12_October_2020_1.PDF,Digital Financial Fraud,AIR 1953 SC 277,,,UNRESOLVED
Bikramjit_Singh_vs_The_State_Of_Punjab_on_12_October_2020_1.PDF,Digital Financial Fraud,AIR 1966 SC 816,,,UNRESOLVED
Bikramjit_Singh_vs_The_State_Of_Punjab_on_12_October_2020_1.PDF,Digital Financial Fraud,SCC 1994 4 602,Hitendra_Vishnu_Thakur_vs_State_Of_Maharashtra_on_12_July_1994_1.PDF,Organized Crime / Extortion,CROSS_DOMAIN
Bikramjit_Singh_vs_The_State_Of_Punjab_on_12_October_2020_1.PDF,Digital Financial Fraud,SCC 1980 1 98,,,UNRESOLVED
Bikramjit_Singh_vs_The_State_Of_Punjab_on_12_October_2020_1.PDF,Digital Financial Fraud,SCC 1992 4 272,,,UNRESOLVED
Bikramjit_Singh_vs_The_State_Of_Punjab_on_12_October_2020_1.PDF,Digital Financial Fraud,SCC 1989 3 532,,,UNRESOLVED
Bikramjit_Singh_vs_The_State_Of_Punjab_on_12_October_2020_1.PDF,Digital Financial Fraud,SCC 1994 5 410,Sunjay_Datt_vs_State_Ii_on_9_September_1994_1.PDF,Organized Crime / Extortion,CROSS_DOMAIN
Bikramjit_Singh_vs_The_State_Of_Punjab_on_12_October_2020_1.PDF,Digital Financial Fraud,SCC 1994 4 602,Hitendra_Vishnu_Thakur_vs_State_Of_Maharashtra_on_12_July_1994_1.PDF,Organized Crime / Extortion,CROSS_DOMAIN
Bikramjit_Singh_vs_The_State_Of_Punjab_on_12_October_2020_1.PDF,Digital Financial Fraud,SCC 2001 5 453,,,UNRESOLVED
Bikramjit_Singh_vs_The_State_Of_Punjab_on_12_October_2020_1.PDF,Digital Financial Fraud,SCC 1994 5 410,Sunjay_Datt_vs_State_Ii_on_9_September_1994_1.PDF,Organized Crime / Extortion,CROSS_DOMAIN
Bikramjit_Singh_vs_The_State_Of_Punjab_on_12_October_2020_1.PDF,Digital Financial Fraud,SCC 1994 5 410,Sunjay_Datt_vs_State_Ii_on_9_September_1994_1.PDF,Organized Crime / Extortion,CROSS_DOMAIN
Bikramjit_Singh_vs_The_State_Of_Punjab_on_12_October_2020_1.PDF,Digital Financial Fraud,SCC 1994 5 410,Sunjay_Datt_vs_State_Ii_on_9_September_1994_1.PDF,Organized Crime / Extortion,CROSS_DOMAIN
Bikramjit_Singh_vs_The_State_Of_Punjab_on_12_October_2020_1.PDF,Digital Financial Fraud,SCC 2011 10 445,,,UNRESOLVED
Bikramjit_Singh_vs_The_State_Of_Punjab_on_12_October_2020_1.PDF,Digital Financial Fraud,SCC 2014 9 457,,,UNRESOLVED
Bikramjit_Singh_vs_The_State_Of_Punjab_on_12_October_2020_1.PDF,Digital Financial Fraud,SCC 2001 5 453,,,UNRESOLVED
Bikramjit_Singh_vs_The_State_Of_Punjab_on_12_October_2020_1.PDF,Digital Financial Fraud,SCC 2011 10 445,,,UNRESOLVED
Bikramjit_Singh_vs_The_State_Of_Punjab_on_12_October_2020_1.PDF,Digital Financial Fraud,SCC 2001 5 453,,,UNRESOLVED
Bikramjit_Singh_vs_The_State_Of_Punjab_on_12_October_2020_1.PDF,Digital Financial Fraud,SCC 2011 10 445,,,UNRESOLVED
Bikramjit_Singh_vs_The_State_Of_Punjab_on_12_October_2020_1.PDF,Digital Financial Fraud,SCC 2011 10 445,,,UNRESOLVED
Bikramjit_Singh_vs_The_State_Of_Punjab_on_12_October_2020_1.PDF,Digital Financial Fraud,SCC 2001 5 453,,,UNRESOLVED
Bikramjit_Singh_vs_The_State_Of_Punjab_on_12_October_2020_1.PDF,Digital Financial Fraud,SCC 2001 5 453,,,UNRESOLVED
Bikramjit_Singh_vs_The_State_Of_Punjab_on_12_October_2020_1.PDF,Digital Financial Fraud,SCC 2011 10 445,,,UNRESOLVED
Bikramjit_Singh_vs_The_State_Of_Punjab_on_12_October_2020_1.PDF,Digital Financial Fraud,SCC 2001 5 453,,,UNRESOLVED
Bikramjit_Singh_vs_The_State_Of_Punjab_on_12_October_2020_1.PDF,Digital Financial Fraud,SCC 2011 10 235,,,UNRESOLVED
Bikramjit_Singh_vs_The_State_Of_Punjab_on_12_October_2020_1.PDF,Digital Financial Fraud,SCC 2012 12 1,,,UNRESOLVED
Bikramjit_Singh_vs_The_State_Of_Punjab_on_12_October_2020_1.PDF,Digital Financial Fraud,SCC 2012 12 1,,,UNRESOLVED
Bikramjit_Singh_vs_The_State_Of_Punjab_on_12_October_2020_1.PDF,Digital Financial Fraud,SCC 2011 10 445,,,UNRESOLVED
Bikramjit_Singh_vs_The_State_Of_Punjab_on_12_October_2020_1.PDF,Digital Financial Fraud,SCC 2001 5 453,,,UNRESOLVED
Bikramjit_Singh_vs_The_State_Of_Punjab_on_12_October_2020_1.PDF,Digital Financial Fraud,SCC 2009 7 480,,,UNRESOLVED
Bikramjit_Singh_vs_The_State_Of_Punjab_on_12_October_2020_1.PDF,Digital Financial Fraud,SCC 2001 5 453,,,UNRESOLVED
Bikramjit_Singh_vs_The_State_Of_Punjab_on_12_October_2020_1.PDF,Digital Financial Fraud,SCC 1994 5 410,Sunjay_Datt_vs_State_Ii_on_9_September_1994_1.PDF,Organized Crime / Extortion,CROSS_DOMAIN
Bikramjit_Singh_vs_The_State_Of_Punjab_on_12_October_2020_1.PDF,Digital Financial Fraud,SCC 2011 10 445,,,UNRESOLVED
Bikramjit_Singh_vs_The_State_Of_Punjab_on_12_October_2020_1.PDF,Digital Financial Fraud,SCC 2012 12 1,,,UNRESOLVED
Bikramjit_Singh_vs_The_State_Of_Punjab_on_12_October_2020_1.PDF,Digital Financial Fraud,SCC 2012 12 1,,,UNRESOLVED
Bikramjit_Singh_vs_The_State_Of_Punjab_on_12_October_2020_1.PDF,Digital Financial Fraud,SCC 2001 5 453,,,UNRESOLVED
Bikramjit_Singh_vs_The_State_Of_Punjab_on_12_October_2020_1.PDF,Digital Financial Fraud,SCC 2011 10 445,,,UNRESOLVED
Bikramjit_Singh_vs_The_State_Of_Punjab_on_12_October_2020_1.PDF,Digital Financial Fraud,SCC 2014 3 159,,,UNRESOLVED
Bikramjit_Singh_vs_The_State_Of_Punjab_on_12_October_2020_1.PDF,Digital Financial Fraud,SCC 2012 12 1,,,UNRESOLVED
Bikramjit_Singh_vs_The_State_Of_Punjab_on_12_October_2020_1.PDF,Digital Financial Fraud,SCC 1994 5 410,Sunjay_Datt_vs_State_Ii_on_9_September_1994_1.PDF,Organized Crime / Extortion,CROSS_DOMAIN
Bikramjit_Singh_vs_The_State_Of_Punjab_on_12_October_2020_1.PDF,Digital Financial Fraud,SCC 2017 15 67,,,UNRESOLVED
Bikramjit_Singh_vs_The_State_Of_Punjab_on_12_October_2020_1.PDF,Digital Financial Fraud,SCC 2014 9 457,,,UNRESOLVED
Bikramjit_Singh_vs_The_State_Of_Punjab_on_12_October_2020_1.PDF,Digital Financial Fraud,SCC 2001 5 453,,,UNRESOLVED
Bikramjit_Singh_vs_The_State_Of_Punjab_on_12_October_2020_1.PDF,Digital Financial Fraud,SCC 2014 9 457,,,UNRESOLVED
Bikramjit_Singh_vs_The_State_Of_Punjab_on_12_October_2020_1.PDF,Digital Financial Fraud,SCC 2001 5 453,,,UNRESOLVED
Bikramjit_Singh_vs_The_State_Of_Punjab_on_12_October_2020_1.PDF,Digital Financial Fraud,SCC 1994 5 410,Sunjay_Datt_vs_State_Ii_on_9_September_1994_1.PDF,Organized Crime / Extortion,CROSS_DOMAIN
Bikramjit_Singh_vs_The_State_Of_Punjab_on_12_October_2020_1.PDF,Digital Financial Fraud,SCC 1996 1 722,,,UNRESOLVED
Bikramjit_Singh_vs_The_State_Of_Punjab_on_12_October_2020_1.PDF,Digital Financial Fraud,SCC 1994 5 410,Sunjay_Datt_vs_State_Ii_on_9_September_1994_1.PDF,Organized Crime / Extortion,CROSS_DOMAIN
Bikramjit_Singh_vs_The_State_Of_Punjab_on_12_October_2020_1.PDF,Digital Financial Fraud,SCR 1952 395,Naranjan_Sigh_Nathawan_vs_The_State_Of_Punjab_And_13_Other_on_25_January_1952_1.PDF,,OUTSIDE_DOMAINS
Bikramjit_Singh_vs_The_State_Of_Punjab_on_12_October_2020_1.PDF,Digital Financial Fraud,SCR 1953 652,Ram_Narayan_Singh_vs_The_State_Of_Delhi_And_Others_on_12_March_1953_1.PDF,Financial Fraud,CROSS_DOMAIN
Bikramjit_Singh_vs_The_State_Of_Punjab_on_12_October_2020_1.PDF,Digital Financial Fraud,SCR 1966 2 427,,,UNRESOLVED
M_E_Shivalingamurthy_vs_Central_Bureau_Of_Investigation_on_7_January_2020_1.PDF,Digital Financial Fraud,AIR 1979 SC 366,Union_Of_India_Uoi_vs_Prafulla_Kumar_Samal_And_Anr_on_6_November_1978_1.PDF,,OUTSIDE_DOMAINS
M_E_Shivalingamurthy_vs_Central_Bureau_Of_Investigation_on_7_January_2020_1.PDF,Digital Financial Fraud,AIR 1995 SC 1954,,,UNRESOLVED
M_E_Shivalingamurthy_vs_Central_Bureau_Of_Investigation_on_7_January_2020_1.PDF,Digital Financial Fraud,AIR 2005 SC 359,,,UNRESOLVED
M_E_Shivalingamurthy_vs_Central_Bureau_Of_Investigation_on_7_January_2020_1.PDF,Digital Financial Fraud,SCC 2010 2 398,,,UNRESOLVED
Sushil_Sethi_vs_The_State_Of_Arunachal_Pradesh_on_31_January_2020_1.PDF,Digital Financial Fraud,SCC 2003 5 257,,,UNRESOLVED
Sushil_Sethi_vs_The_State_Of_Arunachal_Pradesh_on_31_January_2020_1.PDF,Digital Financial Fraud,SCC 2006 6 736,,,UNRESOLVED
Sushil_Sethi_vs_The_State_Of_Arunachal_Pradesh_on_31_January_2020_1.PDF,Digital Financial Fraud,SCC 2009 3 78,,,UNRESOLVED
Sushil_Sethi_vs_The_State_Of_Arunachal_Pradesh_on_31_January_2020_1.PDF,Digital Financial Fraud,SCC 2015 8 293,,,UNRESOLVED
Sushil_Sethi_vs_The_State_Of_Arunachal_Pradesh_on_31_January_2020_1.PDF,Digital Financial Fraud,SCC 2015 12 781,,,UNRESOLVED
Sushil_Sethi_vs_The_State_Of_Arunachal_Pradesh_on_31_January_2020_1.PDF,Digital Financial Fraud,SCC 1996 5 591,,,UNRESOLVED
Sushil_Sethi_vs_The_State_Of_Arunachal_Pradesh_on_31_January_2020_1.PDF,Digital Financial Fraud,SCC 2002 2 697,,,UNRESOLVED
Sushil_Sethi_vs_The_State_Of_Arunachal_Pradesh_on_31_January_2020_1.PDF,Digital Financial Fraud,SCC 2011 7 59,,,UNRESOLVED
Sushil_Sethi_vs_The_State_Of_Arunachal_Pradesh_on_31_January_2020_1.PDF,Digital Financial Fraud,SCC 2007 12 1,,,UNRESOLVED
Sushil_Sethi_vs_The_State_Of_Arunachal_Pradesh_on_31_January_2020_1.PDF,Digital Financial Fraud,SCC 2008 5 668,,,UNRESOLVED
Gautam_Navlakha_vs_National_Investigation_Agency_on_12_May_2021_1.PDF,Digital Financial Fraud,AIR 1953 SC 10,,,UNRESOLVED
Gautam_Navlakha_vs_National_Investigation_Agency_on_12_May_2021_1.PDF,Digital Financial Fraud,AIR 1962 SC 1506,,,UNRESOLVED
Gautam_Navlakha_vs_National_Investigation_Agency_on_12_May_2021_1.PDF,Digital Financial Fraud,AIR 1978 SC 597,Mrs_Maneka_Gandhi_vs_Union_Of_India_Uoi_And_Anr_on_25_January_1978_1.PDF,Organized Crime / Extortion,CROSS_DOMAIN
Gautam_Navlakha_vs_National_Investigation_Agency_on_12_May_2021_1.PDF,Digital Financial Fraud,AIR 1978 SC 47,,,UNRESOLVED
Gautam_Navlakha_vs_National_Investigation_Agency_on_12_May_2021_1.PDF,Digital Financial Fraud,AIR 1971 SC 2197,Col_Dr_B_Ramachandra_Rao_vs_The_State_Of_Orissa_And_Ors_on_11_August_1971_1.PDF,,OUTSIDE_DOMAINS
Gautam_Navlakha_vs_National_Investigation_Agency_on_12_May_2021_1.PDF,Digital Financial Fraud,AIR 1962 SC 1506,,,UNRESOLVED
Gautam_Navlakha_vs_National_Investigation_Agency_on_12_May_2021_1.PDF,Digital Financial Fraud,AIR 1977 SC 1096,,,UNRESOLVED
Gautam_Navlakha_vs_National_Investigation_Agency_on_12_May_2021_1.PDF,Digital Financial Fraud,AIR 1987 SC 1646,Ajmer_Singh_And_Ors_vs_Union_Of_India_Uoi_And_Ors_on_29_April_1987_1.PDF,,OUTSIDE_DOMAINS
Gautam_Navlakha_vs_National_Investigation_Agency_on_12_May_2021_1.PDF,Digital Financial Fraud,AIR 1977 SC 1096,,,UNRESOLVED
Gautam_Navlakha_vs_National_Investigation_Agency_on_12_May_2021_1.PDF,Digital Financial Fraud,AIR 1987 SC 1646,Ajmer_Singh_And_Ors_vs_Union_Of_India_Uoi_And_Ors_on_29_April_1987_1.PDF,,OUTSIDE_DOMAINS
Gautam_Navlakha_vs_National_Investigation_Agency_on_12_May_2021_1.PDF,Digital Financial Fraud,AIR 1948 MAD 100,,,UNRESOLVED
Gautam_Navlakha_vs_National_Investigation_Agency_on_12_May_2021_1.PDF,Digital Financial Fraud,AIR 2004 SC 3946,,,UNRESOLVED
Gautam_Navlakha_vs_National_Investigation_Agency_on_12_May_2021_1.PDF,Digital Financial Fraud,SCC 2018 10 753,,,UNRESOLVED
Gautam_Navlakha_vs_National_Investigation_Agency_on_12_May_2021_1.PDF,Digital Financial Fraud,SCC 1986 3 141,,,UNRESOLVED
Gautam_Navlakha_vs_National_Investigation_Agency_on_12_May_2021_1.PDF,Digital Financial Fraud,SCC 2014 2 1,,,UNRESOLVED
Gautam_Navlakha_vs_National_Investigation_Agency_on_12_May_2021_1.PDF,Digital Financial Fraud,SCC 2013 1 314,,,UNRESOLVED
Gautam_Navlakha_vs_National_Investigation_Agency_on_12_May_2021_1.PDF,Digital Financial Fraud,SCC 2014 13 436,,,UNRESOLVED
Gautam_Navlakha_vs_National_Investigation_Agency_on_12_May_2021_1.PDF,Digital Financial Fraud,SCC 2004 5 729,,,UNRESOLVED
Gautam_Navlakha_vs_National_Investigation_Agency_on_12_May_2021_1.PDF,Digital Financial Fraud,SCC 1977 4 551,,,UNRESOLVED
Gautam_Navlakha_vs_National_Investigation_Agency_on_12_May_2021_1.PDF,Digital Financial Fraud,SCC 1992 3 141,,,UNRESOLVED
Gautam_Navlakha_vs_National_Investigation_Agency_on_12_May_2021_1.PDF,Digital Financial Fraud,SCC 2013 1 314,,,UNRESOLVED
Gautam_Navlakha_vs_National_Investigation_Agency_on_12_May_2021_1.PDF,Digital Financial Fraud,SCC 1972 3 256,Col_Dr_B_Ramachandra_Rao_vs_The_State_Of_Orissa_And_Ors_on_11_August_1971_1.PDF,,OUTSIDE_DOMAINS
Gautam_Navlakha_vs_National_Investigation_Agency_on_12_May_2021_1.PDF,Digital Financial Fraud,SCC 1974 4 141,,,UNRESOLVED
Gautam_Navlakha_vs_National_Investigation_Agency_on_12_May_2021_1.PDF,Digital Financial Fraud,SCC 2019 5 266,,,UNRESOLVED
Gautam_Navlakha_vs_National_Investigation_Agency_on_12_May_2021_1.PDF,Digital Financial Fraud,SCC 1986 3 141,,,UNRESOLVED
Gautam_Navlakha_vs_National_Investigation_Agency_on_12_May_2021_1.PDF,Digital Financial Fraud,SCC 1992 3 141,,,UNRESOLVED
Gautam_Navlakha_vs_National_Investigation_Agency_on_12_May_2021_1.PDF,Digital Financial Fraud,SCC 1969 1 292,In_The_Matter_Of_Madhu_Limaye_And_Ors_vs_Unknown_on_18_December_1968_1.PDF,,OUTSIDE_DOMAINS
Gautam_Navlakha_vs_National_Investigation_Agency_on_12_May_2021_1.PDF,Digital Financial Fraud,SCC 2014 8 273,,,UNRESOLVED
Gautam_Navlakha_vs_National_Investigation_Agency_on_12_May_2021_1.PDF,Digital Financial Fraud,SCC 1992 3 141,,,UNRESOLVED
Gautam_Navlakha_vs_National_Investigation_Agency_on_12_May_2021_1.PDF,Digital Financial Fraud,SCC 2007 5 773,,,UNRESOLVED
Gautam_Navlakha_vs_National_Investigation_Agency_on_12_May_2021_1.PDF,Digital Financial Fraud,SCC 1980 2 559,,,UNRESOLVED
Gautam_Navlakha_vs_National_Investigation_Agency_on_12_May_2021_1.PDF,Digital Financial Fraud,SCC 1969 1 292,In_The_Matter_Of_Madhu_Limaye_And_Ors_vs_Unknown_on_18_December_1968_1.PDF,,OUTSIDE_DOMAINS
Gautam_Navlakha_vs_National_Investigation_Agency_on_12_May_2021_1.PDF,Digital Financial Fraud,SCC 2020 10 616,,,UNRESOLVED
Sachin_Kumar_vs_Delhi_Subordinate_Service_Selection_on_3_March_2021_1.PDF,Digital Financial Fraud,SCC 1970 1 648,,,UNRESOLVED
Sachin_Kumar_vs_Delhi_Subordinate_Service_Selection_on_3_March_2021_1.PDF,Digital Financial Fraud,SCC 1998 9 236,Madhyamic_Shiksha_Mandal_M_P_vs_Abhilash_Shiksha_Prasar_Samiti_And_Ors_on_21_January_1997_1.PDF,,OUTSIDE_DOMAINS
Sachin_Kumar_vs_Delhi_Subordinate_Service_Selection_on_3_March_2021_1.PDF,Digital Financial Fraud,SCC 2003 7 285,,,UNRESOLVED
Sachin_Kumar_vs_Delhi_Subordinate_Service_Selection_on_3_March_2021_1.PDF,Digital Financial Fraud,SCC 2006 11 356,,,UNRESOLVED
Sachin_Kumar_vs_Delhi_Subordinate_Service_Selection_on_3_March_2021_1.PDF,Digital Financial Fraud,SCC 1993 1 154,,,UNRESOLVED
Sachin_Kumar_vs_Delhi_Subordinate_Service_Selection_on_3_March_2021_1.PDF,Digital Financial Fraud,SCC 1994 4 165,Krishan_Yadav_vs_State_Of_Haryana_Mohan_J_on_12_May_1994_1.PDF,Financial Fraud,CROSS_DOMAIN
Sachin_Kumar_vs_Delhi_Subordinate_Service_Selection_on_3_March_2021_1.PDF,Digital Financial Fraud,SCC 1994 5 663,Union_Of_India_vs_Anand_Kumar_Pandey_on_18_July_1994_1.PDF,,OUTSIDE_DOMAINS
Sachin_Kumar_vs_Delhi_Subordinate_Service_Selection_on_3_March_2021_1.PDF,Digital Financial Fraud,SCC 1996 10 742,,,UNRESOLVED
Sachin_Kumar_vs_Delhi_Subordinate_Service_Selection_on_3_March_2021_1.PDF,Digital Financial Fraud,SCC 2002 3 146,,,UNRESOLVED
Sachin_Kumar_vs_Delhi_Subordinate_Service_Selection_on_3_March_2021_1.PDF,Digital Financial Fraud,SCC 2002 5 533,,,UNRESOLVED
Sachin_Kumar_vs_Delhi_Subordinate_Service_Selection_on_3_March_2021_1.PDF,Digital Financial Fraud,SCC 2002 3 146,,,UNRESOLVED
Sachin_Kumar_vs_Delhi_Subordinate_Service_Selection_on_3_March_2021_1.PDF,Digital Financial Fraud,SCC 1994 4 165,Krishan_Yadav_vs_State_Of_Haryana_Mohan_J_on_12_May_1994_1.PDF,Financial Fraud,CROSS_DOMAIN
Sachin_Kumar_vs_Delhi_Subordinate_Service_Selection_on_3_March_2021_1.PDF,Digital Financial Fraud,SCC 1996 10 742,,,UNRESOLVED
Sachin_Kumar_vs_Delhi_Subordinate_Service_Selection_on_3_March_2021_1.PDF,Digital Financial Fraud,SCC 1993 1 154,,,UNRESOLVED
Sachin_Kumar_vs_Delhi_Subordinate_Service_Selection_on_3_March_2021_1.PDF,Digital Financial Fraud,SCC 1994 5 695,Pritpal_Singh_vs_State_Of_Haryana_on_27_July_1994_1.PDF,,OUTSIDE_DOMAINS
Sachin_Kumar_vs_Delhi_Subordinate_Service_Selection_on_3_March_2021_1.PDF,Digital Financial Fraud,SCC 1994 5 663,Union_Of_India_vs_Anand_Kumar_Pandey_on_18_July_1994_1.PDF,,OUTSIDE_DOMAINS
Sachin_Kumar_vs_Delhi_Subordinate_Service_Selection_on_3_March_2021_1.PDF,Digital Financial Fraud,SCC 1996 10 742,,,UNRESOLVED
Sachin_Kumar_vs_Delhi_Subordinate_Service_Selection_on_3_March_2021_1.PDF,Digital Financial Fraud,SCC 2002 5 533,,,UNRESOLVED
Sachin_Kumar_vs_Delhi_Subordinate_Service_Selection_on_3_March_2021_1.PDF,Digital Financial Fraud,SCC 1994 4 165,Krishan_Yadav_vs_State_Of_Haryana_Mohan_J_on_12_May_1994_1.PDF,Financial Fraud,CROSS_DOMAIN
Sachin_Kumar_vs_Delhi_Subordinate_Service_Selection_on_3_March_2021_1.PDF,Digital Financial Fraud,SCC 1996 10 749,,,UNRESOLVED
Sachin_Kumar_vs_Delhi_Subordinate_Service_Selection_on_3_March_2021_1.PDF,Digital Financial Fraud,SCC 2002 3 146,,,UNRESOLVED
Sachin_Kumar_vs_Delhi_Subordinate_Service_Selection_on_3_March_2021_1.PDF,Digital Financial Fraud,SCC 2014 6 644,,,UNRESOLVED
Sachin_Kumar_vs_Delhi_Subordinate_Service_Selection_on_3_March_2021_1.PDF,Digital Financial Fraud,SCC 2010 6 614,,,UNRESOLVED
Sachin_Kumar_vs_Delhi_Subordinate_Service_Selection_on_3_March_2021_1.PDF,Digital Financial Fraud,SCC 2017 13 621,,,UNRESOLVED
Somesh_Chaurasia_vs_State_Of_M_P_on_22_July_2021_1.PDF,Digital Financial Fraud,SCC 2014 9 177,,,UNRESOLVED
Somesh_Chaurasia_vs_State_Of_M_P_on_22_July_2021_1.PDF,Digital Financial Fraud,SCC 2002 9 366,,,UNRESOLVED
Somesh_Chaurasia_vs_State_Of_M_P_on_22_July_2021_1.PDF,Digital Financial Fraud,SCC 2009 3 492,,,UNRESOLVED
Somesh_Chaurasia_vs_State_Of_M_P_on_22_July_2021_1.PDF,Digital Financial Fraud,SCC 2002 9 364,Vinay_Kumar_vs_Narendra_And_Ors_on_5_March_2002_1.PDF,Violent Crime / Homicide,CROSS_DOMAIN
Somesh_Chaurasia_vs_State_Of_M_P_on_22_July_2021_1.PDF,Digital Financial Fraud,SCC 2014 10 754,,,UNRESOLVED
Somesh_Chaurasia_vs_State_Of_M_P_on_22_July_2021_1.PDF,Digital Financial Fraud,SCC 2003 10 195,,,UNRESOLVED
Checkmate_Services_P_Ltd_vs_Commissioner_Of_Income_Tax_I_on_12_October_2022_1.PDF,Digital Financial Fraud,SCC 2010 1 489,,,UNRESOLVED
Checkmate_Services_P_Ltd_vs_Commissioner_Of_Income_Tax_I_on_12_October_2022_1.PDF,Digital Financial Fraud,SCC 1997 3 472,,,UNRESOLVED
Checkmate_Services_P_Ltd_vs_Commissioner_Of_Income_Tax_I_on_12_October_2022_1.PDF,Digital Financial Fraud,SCC 1997 3 472,,,UNRESOLVED
Checkmate_Services_P_Ltd_vs_Commissioner_Of_Income_Tax_I_on_12_October_2022_1.PDF,Digital Financial Fraud,SCC 1997 3 472,,,UNRESOLVED
Checkmate_Services_P_Ltd_vs_Commissioner_Of_Income_Tax_I_on_12_October_2022_1.PDF,Digital Financial Fraud,SCC 2000 6 550,,,UNRESOLVED
Checkmate_Services_P_Ltd_vs_Commissioner_Of_Income_Tax_I_on_12_October_2022_1.PDF,Digital Financial Fraud,SCC 2005 1 368,,,UNRESOLVED
Checkmate_Services_P_Ltd_vs_Commissioner_Of_Income_Tax_I_on_12_October_2022_1.PDF,Digital Financial Fraud,SCC 1999 3 346,,,UNRESOLVED
Checkmate_Services_P_Ltd_vs_Commissioner_Of_Income_Tax_I_on_12_October_2022_1.PDF,Digital Financial Fraud,SCC 2004 10 201,,,UNRESOLVED
Checkmate_Services_P_Ltd_vs_Commissioner_Of_Income_Tax_I_on_12_October_2022_1.PDF,Digital Financial Fraud,SCC 2004 10 201,,,UNRESOLVED
Checkmate_Services_P_Ltd_vs_Commissioner_Of_Income_Tax_I_on_12_October_2022_1.PDF,Digital Financial Fraud,SCR 1961 2 189,,,UNRESOLVED
Devas_Multimedia_Private_Limited_vs_Antrix_Corporation_Limited_on_17_January_2022_1.PDF,Digital Financial Fraud,AIR 1968 SC 279,,,UNRESOLVED
Devas_Multimedia_Private_Limited_vs_Antrix_Corporation_Limited_on_17_January_2022_1.PDF,Digital Financial Fraud,AIR 1962 CAL 115,,,UNRESOLVED
Devas_Multimedia_Private_Limited_vs_Antrix_Corporation_Limited_on_17_January_2022_1.PDF,Digital Financial Fraud,SCC 1983 4 625,,,UNRESOLVED
Devas_Multimedia_Private_Limited_vs_Antrix_Corporation_Limited_on_17_January_2022_1.PDF,Digital Financial Fraud,SCC 2020 15 517,,,UNRESOLVED
Devas_Multimedia_Private_Limited_vs_Antrix_Corporation_Limited_on_17_January_2022_1.PDF,Digital Financial Fraud,SCC 2019 10 750,,,UNRESOLVED
Devas_Multimedia_Private_Limited_vs_Antrix_Corporation_Limited_on_17_January_2022_1.PDF,Digital Financial Fraud,SCC 2021 7 313,,,UNRESOLVED
Devas_Multimedia_Private_Limited_vs_Antrix_Corporation_Limited_on_17_January_2022_1.PDF,Digital Financial Fraud,SCC 2021 8 481,,,UNRESOLVED
Devas_Multimedia_Private_Limited_vs_Antrix_Corporation_Limited_on_17_January_2022_1.PDF,Digital Financial Fraud,SCC 2021 6 366,,,UNRESOLVED
Devas_Multimedia_Private_Limited_vs_Antrix_Corporation_Limited_on_17_January_2022_1.PDF,Digital Financial Fraud,SCC 2006 6 94,,,UNRESOLVED
Devas_Multimedia_Private_Limited_vs_Antrix_Corporation_Limited_on_17_January_2022_1.PDF,Digital Financial Fraud,SCC 1994 1 502,Svenska_Handelsbanken_vs_Indian_Charge_Chrome_Dayal_J_on_15_October_1993_1.PDF,,OUTSIDE_DOMAINS
Devas_Multimedia_Private_Limited_vs_Antrix_Corporation_Limited_on_17_January_2022_1.PDF,Digital Financial Fraud,SCC 2019 14 568,,,UNRESOLVED
Devas_Multimedia_Private_Limited_vs_Antrix_Corporation_Limited_on_17_January_2022_1.PDF,Digital Financial Fraud,SCC 1983 1 228,,,UNRESOLVED
M_S_New_Noble_Educational_Society_vs_The_Chief_Commissioner_Of_Income_Tax_1_on_19_October_2022_1.PDF,Digital Financial Fraud,AIR 1957 SC 699,,,UNRESOLVED
M_S_New_Noble_Educational_Society_vs_The_Chief_Commissioner_Of_Income_Tax_1_on_19_October_2022_1.PDF,Digital Financial Fraud,AIR 2003 SC 355,,,UNRESOLVED
M_S_New_Noble_Educational_Society_vs_The_Chief_Commissioner_Of_Income_Tax_1_on_19_October_2022_1.PDF,Digital Financial Fraud,AIR 1965 SC 1296,,,UNRESOLVED
M_S_New_Noble_Educational_Society_vs_The_Chief_Commissioner_Of_Income_Tax_1_on_19_October_2022_1.PDF,Digital Financial Fraud,SCC 2002 8 481,,,UNRESOLVED
M_S_New_Noble_Educational_Society_vs_The_Chief_Commissioner_Of_Income_Tax_1_on_19_October_2022_1.PDF,Digital Financial Fraud,SCC 2003 6 697,,,UNRESOLVED
M_S_New_Noble_Educational_Society_vs_The_Chief_Commissioner_Of_Income_Tax_1_on_19_October_2022_1.PDF,Digital Financial Fraud,SCC 2001 3 359,,,UNRESOLVED
M_S_New_Noble_Educational_Society_vs_The_Chief_Commissioner_Of_Income_Tax_1_on_19_October_2022_1.PDF,Digital Financial Fraud,SCC 1997 3 346,,,UNRESOLVED
M_S_New_Noble_Educational_Society_vs_The_Chief_Commissioner_Of_Income_Tax_1_on_19_October_2022_1.PDF,Digital Financial Fraud,SCC 2008 10 509,,,UNRESOLVED
M_S_New_Noble_Educational_Society_vs_The_Chief_Commissioner_Of_Income_Tax_1_on_19_October_2022_1.PDF,Digital Financial Fraud,SCC 2015 8 47,,,UNRESOLVED
M_S_New_Noble_Educational_Society_vs_The_Chief_Commissioner_Of_Income_Tax_1_on_19_October_2022_1.PDF,Digital Financial Fraud,SCC 1997 3 346,,,UNRESOLVED
M_S_New_Noble_Educational_Society_vs_The_Chief_Commissioner_Of_Income_Tax_1_on_19_October_2022_1.PDF,Digital Financial Fraud,SCC 2001 3 359,,,UNRESOLVED
M_S_New_Noble_Educational_Society_vs_The_Chief_Commissioner_Of_Income_Tax_1_on_19_October_2022_1.PDF,Digital Financial Fraud,SCC 2005 6 537,,,UNRESOLVED
M_S_New_Noble_Educational_Society_vs_The_Chief_Commissioner_Of_Income_Tax_1_on_19_October_2022_1.PDF,Digital Financial Fraud,SCC 1980 2 31,,,UNRESOLVED
M_S_New_Noble_Educational_Society_vs_The_Chief_Commissioner_Of_Income_Tax_1_on_19_October_2022_1.PDF,Digital Financial Fraud,SCC 1976 1 254,,,UNRESOLVED
M_S_New_Noble_Educational_Society_vs_The_Chief_Commissioner_Of_Income_Tax_1_on_19_October_2022_1.PDF,Digital Financial Fraud,SCC 1978 3 449,,,UNRESOLVED
M_S_New_Noble_Educational_Society_vs_The_Chief_Commissioner_Of_Income_Tax_1_on_19_October_2022_1.PDF,Digital Financial Fraud,SCC 1976 1 324,,,UNRESOLVED
M_S_New_Noble_Educational_Society_vs_The_Chief_Commissioner_Of_Income_Tax_1_on_19_October_2022_1.PDF,Digital Financial Fraud,SCC 2018 9 1,,,UNRESOLVED
M_S_New_Noble_Educational_Society_vs_The_Chief_Commissioner_Of_Income_Tax_1_on_19_October_2022_1.PDF,Digital Financial Fraud,SCC 2020 8 129,,,UNRESOLVED
M_S_New_Noble_Educational_Society_vs_The_Chief_Commissioner_Of_Income_Tax_1_on_19_October_2022_1.PDF,Digital Financial Fraud,SCC 2009 17 391,,,UNRESOLVED
M_S_New_Noble_Educational_Society_vs_The_Chief_Commissioner_Of_Income_Tax_1_on_19_October_2022_1.PDF,Digital Financial Fraud,SCR 1965 1 565,,,UNRESOLVED
M_S_New_Noble_Educational_Society_vs_The_Chief_Commissioner_Of_Income_Tax_1_on_19_October_2022_1.PDF,Digital Financial Fraud,SCR 1957 837,A_V_Fernandez_vs_The_State_Of_Kerala_on_2_April_1957_1.PDF,,OUTSIDE_DOMAINS
M_S_New_Noble_Educational_Society_vs_The_Chief_Commissioner_Of_Income_Tax_1_on_19_October_2022_1.PDF,Digital Financial Fraud,SCR 1965 1 276,,,UNRESOLVED
M_S_New_Noble_Educational_Society_vs_The_Chief_Commissioner_Of_Income_Tax_1_on_19_October_2022_1.PDF,Digital Financial Fraud,SCR 1966 1 367,,,UNRESOLVED
M_S_New_Noble_Educational_Society_vs_The_Chief_Commissioner_Of_Income_Tax_1_on_19_October_2022_1.PDF,Digital Financial Fraud,SCR 1967 1 882,,,UNRESOLVED
Sukhpal_Singh_Khaira_vs_The_State_Of_Punjab_on_5_December_2022_1.PDF,Digital Financial Fraud,SCC 2002 5 738,,,UNRESOLVED
Sukhpal_Singh_Khaira_vs_The_State_Of_Punjab_on_5_December_2022_1.PDF,Digital Financial Fraud,SCC 2014 3 92,,,UNRESOLVED
Sukhpal_Singh_Khaira_vs_The_State_Of_Punjab_on_5_December_2022_1.PDF,Digital Financial Fraud,SCC 1995 2 513,Rama_Narang_vs_Ramesh_Narang_Ors_on_19_January_1995_1.PDF,Organized Crime / Extortion,CROSS_DOMAIN
Sukhpal_Singh_Khaira_vs_The_State_Of_Punjab_on_5_December_2022_1.PDF,Digital Financial Fraud,SCC 2013 13 1,,,UNRESOLVED
Sukhpal_Singh_Khaira_vs_The_State_Of_Punjab_on_5_December_2022_1.PDF,Digital Financial Fraud,SCC 2007 7 378,,,UNRESOLVED
Bhagwan_Singh_vs_Dilip_Kumar_Deepu_Deepak_on_23_August_2023_1.PDF,Digital Financial Fraud,SCC 2004 7 528,,,UNRESOLVED
Bhagwan_Singh_vs_Dilip_Kumar_Deepu_Deepak_on_23_August_2023_1.PDF,Digital Financial Fraud,SCC 2002 3 598,,,UNRESOLVED
Bhagwan_Singh_vs_Dilip_Kumar_Deepu_Deepak_on_23_August_2023_1.PDF,Digital Financial Fraud,SCC 2001 6 338,,,UNRESOLVED
Bhagwan_Singh_vs_Dilip_Kumar_Deepu_Deepak_on_23_August_2023_1.PDF,Digital Financial Fraud,SCC 1995 1 349,Dolat_Ram_vs_State_Of_Haryana_on_24_November_1994_1.PDF,,OUTSIDE_DOMAINS
Bhagwan_Singh_vs_Dilip_Kumar_Deepu_Deepak_on_23_August_2023_1.PDF,Digital Financial Fraud,SCC 1996 4 693,,,UNRESOLVED
Bhagwan_Singh_vs_Dilip_Kumar_Deepu_Deepak_on_23_August_2023_1.PDF,Digital Financial Fraud,SCC 2018 16 511,,,UNRESOLVED
Bhagwan_Singh_vs_Dilip_Kumar_Deepu_Deepak_on_23_August_2023_1.PDF,Digital Financial Fraud,SCC 2002 3 598,,,UNRESOLVED
Bhagwan_Singh_vs_Dilip_Kumar_Deepu_Deepak_on_23_August_2023_1.PDF,Digital Financial Fraud,SCC 2010 14 496,,,UNRESOLVED
Peethambaran_vs_The_State_Of_Kerala_on_3_May_2023_1.PDF,Digital Financial Fraud,SCC 2013 5 762,,,UNRESOLVED
Peethambaran_vs_The_State_Of_Kerala_on_3_May_2023_1.PDF,Digital Financial Fraud,SCC 2001 6 181,,,UNRESOLVED
Peethambaran_vs_The_State_Of_Kerala_on_3_May_2023_1.PDF,Digital Financial Fraud,SCC 1997 1 361,,,UNRESOLVED
Peethambaran_vs_The_State_Of_Kerala_on_3_May_2023_1.PDF,Digital Financial Fraud,SCC 2000 3 693,,,UNRESOLVED
Peethambaran_vs_The_State_Of_Kerala_on_3_May_2023_1.PDF,Digital Financial Fraud,SCC 1973 2 823,Hari_Prasad_Chamaria_vs_Bishun_Kumar_Surekha_And_Ors_on_6_September_1973_1.PDF,Financial Fraud,CROSS_DOMAIN
Peethambaran_vs_The_State_Of_Kerala_on_3_May_2023_1.PDF,Digital Financial Fraud,SCC 2006 4 359,,,UNRESOLVED
Peethambaran_vs_The_State_Of_Kerala_on_3_May_2023_1.PDF,Digital Financial Fraud,SCC 2001 7 536,,,UNRESOLVED
Peethambaran_vs_The_State_Of_Kerala_on_3_May_2023_1.PDF,Digital Financial Fraud,SCC 2023 1 48,,,UNRESOLVED
Peethambaran_vs_The_State_Of_Kerala_on_3_May_2023_1.PDF,Digital Financial Fraud,SCC 2013 13 673,,,UNRESOLVED
Peethambaran_vs_The_State_Of_Kerala_on_3_May_2023_1.PDF,Digital Financial Fraud,SCC 2019 16 739,,,UNRESOLVED
Peethambaran_vs_The_State_Of_Kerala_on_3_May_2023_1.PDF,Digital Financial Fraud,SCC 2022 7 124,,,UNRESOLVED
Ramesh_Kumar_vs_The_State_Of_Nct_Of_Delhi_on_4_July_2023_1.PDF,Digital Financial Fraud,SCC 2009 4 45,,,UNRESOLVED
Ramesh_Kumar_vs_The_State_Of_Nct_Of_Delhi_on_4_July_2023_1.PDF,Digital Financial Fraud,SCC 1978 1 248,Mrs_Maneka_Gandhi_vs_Union_Of_India_Uoi_And_Anr_on_25_January_1978_1.PDF,Organized Crime / Extortion,CROSS_DOMAIN
Ramesh_Kumar_vs_The_State_Of_Nct_Of_Delhi_on_4_July_2023_1.PDF,Digital Financial Fraud,SCC 1980 2 565,,,UNRESOLVED
Ramesh_Kumar_vs_The_State_Of_Nct_Of_Delhi_on_4_July_2023_1.PDF,Digital Financial Fraud,SCC 2006 6 196,,,UNRESOLVED
Ramesh_Kumar_vs_The_State_Of_Nct_Of_Delhi_on_4_July_2023_1.PDF,Digital Financial Fraud,SCC 2013 15 570,,,UNRESOLVED
Ramesh_Kumar_vs_The_State_Of_Nct_Of_Delhi_on_4_July_2023_1.PDF,Digital Financial Fraud,SCC 2021 2 779,,,UNRESOLVED
Athar_Parwez_vs_Union_Of_India_on_17_December_2024_1.PDF,Digital Financial Fraud,SCC 2019 5 1,,,UNRESOLVED
Athar_Parwez_vs_Union_Of_India_on_17_December_2024_1.PDF,Digital Financial Fraud,SCC 2021 3 713,,,UNRESOLVED
Athar_Parwez_vs_Union_Of_India_on_17_December_2024_1.PDF,Digital Financial Fraud,SCC 2022 14 766,,,UNRESOLVED
A_M_Mohan_vs_The_State_Rep_By_Sho_on_20_March_2024_1.PDF,Digital Financial Fraud,SCC 1988 1 692,,,UNRESOLVED
A_M_Mohan_vs_The_State_Rep_By_Sho_on_20_March_2024_1.PDF,Digital Financial Fraud,SCC 1995 6 194,Mrs_Rupan_Deol_Bajaj_Anr_vs_Kanwar_Pal_Singh_Gill_Anr_on_12_October_1995_1.PDF,Organized Crime / Extortion,CROSS_DOMAIN
A_M_Mohan_vs_The_State_Rep_By_Sho_on_20_March_2024_1.PDF,Digital Financial Fraud,SCC 1996 5 591,,,UNRESOLVED
A_M_Mohan_vs_The_State_Rep_By_Sho_on_20_March_2024_1.PDF,Digital Financial Fraud,SCC 1996 8 164,,,UNRESOLVED
A_M_Mohan_vs_The_State_Rep_By_Sho_on_20_March_2024_1.PDF,Digital Financial Fraud,SCC 1999 3 259,,,UNRESOLVED
A_M_Mohan_vs_The_State_Rep_By_Sho_on_20_March_2024_1.PDF,Digital Financial Fraud,SCC 2000 3 269,,,UNRESOLVED
A_M_Mohan_vs_The_State_Rep_By_Sho_on_20_March_2024_1.PDF,Digital Financial Fraud,SCC 2000 4 168,,,UNRESOLVED
A_M_Mohan_vs_The_State_Rep_By_Sho_on_20_March_2024_1.PDF,Digital Financial Fraud,SCC 2001 8 645,,,UNRESOLVED
A_M_Mohan_vs_The_State_Rep_By_Sho_on_20_March_2024_1.PDF,Digital Financial Fraud,SCC 2005 1 122,,,UNRESOLVED
A_M_Mohan_vs_The_State_Rep_By_Sho_on_20_March_2024_1.PDF,Digital Financial Fraud,SCC 2006 6 736,,,UNRESOLVED
A_M_Mohan_vs_The_State_Rep_By_Sho_on_20_March_2024_1.PDF,Digital Financial Fraud,SCC 2000 2 636,,,UNRESOLVED
A_M_Mohan_vs_The_State_Rep_By_Sho_on_20_March_2024_1.PDF,Digital Financial Fraud,SCC 2000 2 636,,,UNRESOLVED
A_M_Mohan_vs_The_State_Rep_By_Sho_on_20_March_2024_1.PDF,Digital Financial Fraud,SCC 2019 16 739,,,UNRESOLVED
A_M_Mohan_vs_The_State_Rep_By_Sho_on_20_March_2024_1.PDF,Digital Financial Fraud,SCC 2021 3 751,,,UNRESOLVED
A_M_Mohan_vs_The_State_Rep_By_Sho_on_20_March_2024_1.PDF,Digital Financial Fraud,SCC 2023 3 423,,,UNRESOLVED
A_M_Mohan_vs_The_State_Rep_By_Sho_on_20_March_2024_1.PDF,Digital Financial Fraud,SCC 2011 7 59,,,UNRESOLVED
A_M_Mohan_vs_The_State_Rep_By_Sho_on_20_March_2024_1.PDF,Digital Financial Fraud,SCC 2011 7 59,,,UNRESOLVED
A_M_Mohan_vs_The_State_Rep_By_Sho_on_20_March_2024_1.PDF,Digital Financial Fraud,SCC 2019 11 706,,,UNRESOLVED
A_M_Mohan_vs_The_State_Rep_By_Sho_on_20_March_2024_1.PDF,Digital Financial Fraud,SCC 2000 2 636,,,UNRESOLVED
A_M_Mohan_vs_The_State_Rep_By_Sho_on_20_March_2024_1.PDF,Digital Financial Fraud,SCC 2013 10 591,,,UNRESOLVED
Bharat_Sher_Singh_Kalsia_vs_State_Of_Bihar_on_31_January_2024_1.PDF,Digital Financial Fraud,AIR 1954 SC 397,,,UNRESOLVED
Bharat_Sher_Singh_Kalsia_vs_State_Of_Bihar_on_31_January_2024_1.PDF,Digital Financial Fraud,AIR 1961 SC 1589,Purushottamdas_Dalmia_vs_The_State_Of_West_Bengal_on_19_April_1961_1.PDF,Financial Fraud,CROSS_DOMAIN
Bharat_Sher_Singh_Kalsia_vs_State_Of_Bihar_on_31_January_2024_1.PDF,Digital Financial Fraud,AIR 1959 SC 24,,,UNRESOLVED
Bharat_Sher_Singh_Kalsia_vs_State_Of_Bihar_on_31_January_2024_1.PDF,Digital Financial Fraud,SCC 2020 3 402,,,UNRESOLVED
Bharat_Sher_Singh_Kalsia_vs_State_Of_Bihar_on_31_January_2024_1.PDF,Digital Financial Fraud,SCC 2002 8 87,,,UNRESOLVED
Bharat_Sher_Singh_Kalsia_vs_State_Of_Bihar_on_31_January_2024_1.PDF,Digital Financial Fraud,SCC 1995 5 767,V_M_Shah_vs_The_State_Of_Maharashtra_Anr_K_on_25_August_1995_1.PDF,,OUTSIDE_DOMAINS
Bharat_Sher_Singh_Kalsia_vs_State_Of_Bihar_on_31_January_2024_1.PDF,Digital Financial Fraud,SCC 1977 2 190,,,UNRESOLVED
Bharat_Sher_Singh_Kalsia_vs_State_Of_Bihar_on_31_January_2024_1.PDF,Digital Financial Fraud,SCR 1962 2 101,Purushottamdas_Dalmia_vs_The_State_Of_West_Bengal_on_19_April_1961_1.PDF,Financial Fraud,CROSS_DOMAIN
C_Subbian_Kadambur_Jayaraj_vs_Superintendant_Of_Police_on_15_May_2024_1.PDF,Digital Financial Fraud,SCC 2006 6 736,,,UNRESOLVED
C_Subbian_Kadambur_Jayaraj_vs_Superintendant_Of_Police_on_15_May_2024_1.PDF,Digital Financial Fraud,SCC 2019 11 706,,,UNRESOLVED
C_Subbian_Kadambur_Jayaraj_vs_Superintendant_Of_Police_on_15_May_2024_1.PDF,Digital Financial Fraud,SCC 2023 3 315,,,UNRESOLVED
C_Subbian_Kadambur_Jayaraj_vs_Superintendant_Of_Police_on_15_May_2024_1.PDF,Digital Financial Fraud,SCC 2000 2 636,,,UNRESOLVED
C_Subbian_Kadambur_Jayaraj_vs_Superintendant_Of_Police_on_15_May_2024_1.PDF,Digital Financial Fraud,SCC 2006 6 736,,,UNRESOLVED
C_Subbian_Kadambur_Jayaraj_vs_Superintendant_Of_Police_on_15_May_2024_1.PDF,Digital Financial Fraud,SCC 2006 6 736,,,UNRESOLVED
C_Subbian_Kadambur_Jayaraj_vs_Superintendant_Of_Police_on_15_May_2024_1.PDF,Digital Financial Fraud,SCC 2022 7 124,,,UNRESOLVED
Dhanraj_Aswani_vs_Amar_S_Mulchandani_on_9_September_2024_1.PDF,Digital Financial Fraud,AIR 1960 SC 1125,,,UNRESOLVED
Dhanraj_Aswani_vs_Amar_S_Mulchandani_on_9_September_2024_1.PDF,Digital Financial Fraud,AIR 1952 SC 75,The_State_Of_West_Bengal_vs_Anwar_Ali_Sarkar_on_11_January_1952_1.PDF,Organized Crime / Extortion; Violent Crime / Homicide,CROSS_DOMAIN
Dhanraj_Aswani_vs_Amar_S_Mulchandani_on_9_September_2024_1.PDF,Digital Financial Fraud,SCC 1980 2 565,,,UNRESOLVED
Dhanraj_Aswani_vs_Amar_S_Mulchandani_on_9_September_2024_1.PDF,Digital Financial Fraud,SCC 2020 5 1,,,UNRESOLVED
Dhanraj_Aswani_vs_Amar_S_Mulchandani_on_9_September_2024_1.PDF,Digital Financial Fraud,SCC 2002 2 210,,,UNRESOLVED
Dhanraj_Aswani_vs_Amar_S_Mulchandani_on_9_September_2024_1.PDF,Digital Financial Fraud,SCC 2016 8 509,,,UNRESOLVED
Dhanraj_Aswani_vs_Amar_S_Mulchandani_on_9_September_2024_1.PDF,Digital Financial Fraud,SCC 2020 4 727,,,UNRESOLVED
Dhanraj_Aswani_vs_Amar_S_Mulchandani_on_9_September_2024_1.PDF,Digital Financial Fraud,SCC 2011 1 694,,,UNRESOLVED
Dhanraj_Aswani_vs_Amar_S_Mulchandani_on_9_September_2024_1.PDF,Digital Financial Fraud,SCC 1980 2 565,,,UNRESOLVED
Dhanraj_Aswani_vs_Amar_S_Mulchandani_on_9_September_2024_1.PDF,Digital Financial Fraud,SCC 1992 3 141,,,UNRESOLVED
Dhanraj_Aswani_vs_Amar_S_Mulchandani_on_9_September_2024_1.PDF,Digital Financial Fraud,SCC 1988 2 602,,,UNRESOLVED
Dhanraj_Aswani_vs_Amar_S_Mulchandani_on_9_September_2024_1.PDF,Digital Financial Fraud,SCC 1952 1 1,,,UNRESOLVED
Dhanraj_Aswani_vs_Amar_S_Mulchandani_on_9_September_2024_1.PDF,Digital Financial Fraud,SCC 1952 1 1,,,UNRESOLVED
Dhanraj_Aswani_vs_Amar_S_Mulchandani_on_9_September_2024_1.PDF,Digital Financial Fraud,SCR 1994 2 375,,,UNRESOLVED
Dhanraj_Aswani_vs_Amar_S_Mulchandani_on_9_September_2024_1.PDF,Digital Financial Fraud,SCR 1980 3 383,,,UNRESOLVED
Dhanraj_Aswani_vs_Amar_S_Mulchandani_on_9_September_2024_1.PDF,Digital Financial Fraud,SCR 2020 2 1,,,UNRESOLVED
Dhanraj_Aswani_vs_Amar_S_Mulchandani_on_9_September_2024_1.PDF,Digital Financial Fraud,SCR 1980 3 383,,,UNRESOLVED
Dhanraj_Aswani_vs_Amar_S_Mulchandani_on_9_September_2024_1.PDF,Digital Financial Fraud,SCR 1952 284,The_State_Of_West_Bengal_vs_Anwar_All_Sarkarhabib_Mohamed_The_on_11_January_1952_1.PDF,Organized Crime / Extortion; Violent Crime / Homicide,CROSS_DOMAIN
Directorate_Of_Enforcement_vs_Niraj_Tyagi_on_13_February_2024_1.PDF,Digital Financial Fraud,AIR 1960 SC 866,,,UNRESOLVED
Directorate_Of_Enforcement_vs_Niraj_Tyagi_on_13_February_2024_1.PDF,Digital Financial Fraud,SCC 2020 4 440,,,UNRESOLVED
Directorate_Of_Enforcement_vs_Niraj_Tyagi_on_13_February_2024_1.PDF,Digital Financial Fraud,SCC 2021 9 152,,,UNRESOLVED
Sheikh_Javed_Iqbal_Ashfaq_Ansari_vs_The_State_Of_Uttar_Pradesh_on_18_July_2024_1.PDF,Digital Financial Fraud,SCC 1994 6 731,S_C_Legal_Aid_Committee_Representrial_vs_Union_Of_India_on_7_October_1994_1.PDF,Organized Crime / Extortion,CROSS_DOMAIN
Sheikh_Javed_Iqbal_Ashfaq_Ansari_vs_The_State_Of_Uttar_Pradesh_on_18_July_2024_1.PDF,Digital Financial Fraud,SCC 1996 2 616,Shaheen_Welfare_Association_vs_Union_Of_India_Ors_on_27_February_1996_1.PDF,,OUTSIDE_DOMAINS
Sheikh_Javed_Iqbal_Ashfaq_Ansari_vs_The_State_Of_Uttar_Pradesh_on_18_July_2024_1.PDF,Digital Financial Fraud,SCC 2021 3 723,,,UNRESOLVED
Sheikh_Javed_Iqbal_Ashfaq_Ansari_vs_The_State_Of_Uttar_Pradesh_on_18_July_2024_1.PDF,Digital Financial Fraud,SCC 2019 5 1,,,UNRESOLVED
Sri_Dattatraya_vs_Sharanappa_on_7_August_2024_1.PDF,Digital Financial Fraud,SCC 2010 11 441,,,UNRESOLVED
Sri_Dattatraya_vs_Sharanappa_on_7_August_2024_1.PDF,Digital Financial Fraud,SCC 2002 6 426,,,UNRESOLVED
Sri_Dattatraya_vs_Sharanappa_on_7_August_2024_1.PDF,Digital Financial Fraud,SCC 1998 6 514,,,UNRESOLVED
Sri_Dattatraya_vs_Sharanappa_on_7_August_2024_1.PDF,Digital Financial Fraud,SCC 1999 7 510,,,UNRESOLVED
Sri_Dattatraya_vs_Sharanappa_on_7_August_2024_1.PDF,Digital Financial Fraud,SCC 2012 13 375,,,UNRESOLVED
Sri_Dattatraya_vs_Sharanappa_on_7_August_2024_1.PDF,Digital Financial Fraud,SCC 2001 6 16,,,UNRESOLVED
Sri_Dattatraya_vs_Sharanappa_on_7_August_2024_1.PDF,Digital Financial Fraud,SCC 2023 10 148,,,UNRESOLVED
Sri_Dattatraya_vs_Sharanappa_on_7_August_2024_1.PDF,Digital Financial Fraud,SCC 2019 4 197,,,UNRESOLVED
Sri_Dattatraya_vs_Sharanappa_on_7_August_2024_1.PDF,Digital Financial Fraud,SCC 2001 8 458,,,UNRESOLVED
Sri_Dattatraya_vs_Sharanappa_on_7_August_2024_1.PDF,Digital Financial Fraud,SCC 1997 3 747,,,UNRESOLVED
Sri_Dattatraya_vs_Sharanappa_on_7_August_2024_1.PDF,Digital Financial Fraud,SCC 2010 9 189,,,UNRESOLVED
Sri_Dattatraya_vs_Sharanappa_on_7_August_2024_1.PDF,Digital Financial Fraud,SCC 2023 10 148,,,UNRESOLVED
Sri_Dattatraya_vs_Sharanappa_on_7_August_2024_1.PDF,Digital Financial Fraud,SCC 2024 4 469,,,UNRESOLVED
Sri_Dattatraya_vs_Sharanappa_on_7_August_2024_1.PDF,Digital Financial Fraud,SCC 2022 3 471,,,UNRESOLVED
Tusharbhai_Rajnikantbhai_Shah_vs_State_Of_Gujarat_on_7_August_2024_1.PDF,Digital Financial Fraud,SCC 2011 1 694,,,UNRESOLVED
Tusharbhai_Rajnikantbhai_Shah_vs_State_Of_Gujarat_on_7_August_2024_1.PDF,Digital Financial Fraud,SCC 2021 1 184,,,UNRESOLVED
Tusharbhai_Rajnikantbhai_Shah_vs_State_Of_Gujarat_on_7_August_2024_1.PDF,Digital Financial Fraud,SCC 2020 5 1,,,UNRESOLVED
Tusharbhai_Rajnikantbhai_Shah_vs_State_Of_Gujarat_on_7_August_2024_1.PDF,Digital Financial Fraud,SCC 2011 5 244,,,UNRESOLVED
Tusharbhai_Rajnikantbhai_Shah_vs_State_Of_Gujarat_on_7_August_2024_1.PDF,Digital Financial Fraud,SCC 2019 9 24,,,UNRESOLVED
Imran_Pratapgadhi_vs_State_Of_Gujarat_on_28_March_2025_1.PDF,Digital Financial Fraud,SCC 2014 2 1,,,UNRESOLVED
Imran_Pratapgadhi_vs_State_Of_Gujarat_on_28_March_2025_1.PDF,Digital Financial Fraud,SCC 2007 5 1,,,UNRESOLVED
Imran_Pratapgadhi_vs_State_Of_Gujarat_on_28_March_2025_1.PDF,Digital Financial Fraud,SCC 1988 1 668,,,UNRESOLVED
Imran_Pratapgadhi_vs_State_Of_Gujarat_on_28_March_2025_1.PDF,Digital Financial Fraud,SCC 2024 4 156,,,UNRESOLVED
Imran_Pratapgadhi_vs_State_Of_Gujarat_on_28_March_2025_1.PDF,Digital Financial Fraud,SCC 2021 15 35,,,UNRESOLVED
Imran_Pratapgadhi_vs_State_Of_Gujarat_on_28_March_2025_1.PDF,Digital Financial Fraud,SCC 2015 1,,,UNRESOLVED
Jamin_vs_State_Of_Uttar_Pradesh_on_6_March_2025_1.PDF,Digital Financial Fraud,AIR 2013 SC 3018,,,UNRESOLVED
Jamin_vs_State_Of_Uttar_Pradesh_on_6_March_2025_1.PDF,Digital Financial Fraud,AIR 1955 SC 633,,,UNRESOLVED
Jamin_vs_State_Of_Uttar_Pradesh_on_6_March_2025_1.PDF,Digital Financial Fraud,SCC 2023 1 289,,,UNRESOLVED
Jamin_vs_State_Of_Uttar_Pradesh_on_6_March_2025_1.PDF,Digital Financial Fraud,SCC 2002 5 738,,,UNRESOLVED
Jamin_vs_State_Of_Uttar_Pradesh_on_6_March_2025_1.PDF,Digital Financial Fraud,SCC 2014 3 92,,,UNRESOLVED
Jamin_vs_State_Of_Uttar_Pradesh_on_6_March_2025_1.PDF,Digital Financial Fraud,SCC 2012 10 517,,,UNRESOLVED
Jamin_vs_State_Of_Uttar_Pradesh_on_6_March_2025_1.PDF,Digital Financial Fraud,SCC 2020 6 625,,,UNRESOLVED
Jamin_vs_State_Of_Uttar_Pradesh_on_6_March_2025_1.PDF,Digital Financial Fraud,SCC 2011 13 316,,,UNRESOLVED
Jamin_vs_State_Of_Uttar_Pradesh_on_6_March_2025_1.PDF,Digital Financial Fraud,SCC 1983 1 1,,,UNRESOLVED
Jamin_vs_State_Of_Uttar_Pradesh_on_6_March_2025_1.PDF,Digital Financial Fraud,SCC 1993 2 16,Kishun_Singh_And_Ors_vs_State_Of_Bihar_on_11_January_1993_1.PDF,Financial Fraud,CROSS_DOMAIN
Jamin_vs_State_Of_Uttar_Pradesh_on_6_March_2025_1.PDF,Digital Financial Fraud,SCC 1996 4 495,,,UNRESOLVED
Jamin_vs_State_Of_Uttar_Pradesh_on_6_March_2025_1.PDF,Digital Financial Fraud,SCC 2010 1 250,,,UNRESOLVED
Jamin_vs_State_Of_Uttar_Pradesh_on_6_March_2025_1.PDF,Digital Financial Fraud,SCC 2014 3 306,,,UNRESOLVED
Jamin_vs_State_Of_Uttar_Pradesh_on_6_March_2025_1.PDF,Digital Financial Fraud,SCC 2014 3 92,,,UNRESOLVED
Jamin_vs_State_Of_Uttar_Pradesh_on_6_March_2025_1.PDF,Digital Financial Fraud,SCC 2002 5 738,,,UNRESOLVED
Jamin_vs_State_Of_Uttar_Pradesh_on_6_March_2025_1.PDF,Digital Financial Fraud,SCC 2015 7 497,,,UNRESOLVED
Jamin_vs_State_Of_Uttar_Pradesh_on_6_March_2025_1.PDF,Digital Financial Fraud,SCC 2012 9 460,,,UNRESOLVED
Jamin_vs_State_Of_Uttar_Pradesh_on_6_March_2025_1.PDF,Digital Financial Fraud,SCC 1981 1 107,Maru_Ram_And_Ors_vs_Union_Of_India_Uoi_And_Ors_on_11_November_1980_1.PDF,Violent Crime / Homicide,CROSS_DOMAIN
Jamin_vs_State_Of_Uttar_Pradesh_on_6_March_2025_1.PDF,Digital Financial Fraud,SCC 1969 2 74,Shankar_Ramchandra_Abhyankar_vs_Krishnaji_Dattatreya_Bapat_on_16_April_1969_1.PDF,,OUTSIDE_DOMAINS
Jamin_vs_State_Of_Uttar_Pradesh_on_6_March_2025_1.PDF,Digital Financial Fraud,SCC 1975 1 770,,,UNRESOLVED
Jamin_vs_State_Of_Uttar_Pradesh_on_6_March_2025_1.PDF,Digital Financial Fraud,SCC 2001 5 453,,,UNRESOLVED
Jamin_vs_State_Of_Uttar_Pradesh_on_6_March_2025_1.PDF,Digital Financial Fraud,SCC 1996 1 718,,,UNRESOLVED
Jamin_vs_State_Of_Uttar_Pradesh_on_6_March_2025_1.PDF,Digital Financial Fraud,SCC 1994 5 410,Sunjay_Datt_vs_State_Ii_on_9_September_1994_1.PDF,Organized Crime / Extortion,CROSS_DOMAIN
Jamin_vs_State_Of_Uttar_Pradesh_on_6_March_2025_1.PDF,Digital Financial Fraud,SCC 1992 4 272,,,UNRESOLVED
Jamin_vs_State_Of_Uttar_Pradesh_on_6_March_2025_1.PDF,Digital Financial Fraud,SCC 1996 1 722,,,UNRESOLVED
Jamin_vs_State_Of_Uttar_Pradesh_on_6_March_2025_1.PDF,Digital Financial Fraud,SCC 2023 9 108,,,UNRESOLVED
Jamin_vs_State_Of_Uttar_Pradesh_on_6_March_2025_1.PDF,Digital Financial Fraud,SCC 2014 3 92,,,UNRESOLVED
Jamin_vs_State_Of_Uttar_Pradesh_on_6_March_2025_1.PDF,Digital Financial Fraud,SCC 2015 9 244,,,UNRESOLVED
Jamin_vs_State_Of_Uttar_Pradesh_on_6_March_2025_1.PDF,Digital Financial Fraud,SCC 2015 9 244,,,UNRESOLVED
Jamin_vs_State_Of_Uttar_Pradesh_on_6_March_2025_1.PDF,Digital Financial Fraud,SCC 2015 9 244,,,UNRESOLVED
Jamin_vs_State_Of_Uttar_Pradesh_on_6_March_2025_1.PDF,Digital Financial Fraud,SCC 2015 9 244,,,UNRESOLVED
Jamin_vs_State_Of_Uttar_Pradesh_on_6_March_2025_1.PDF,Digital Financial Fraud,SCC 2023 9 130,,,UNRESOLVED
Jamin_vs_State_Of_Uttar_Pradesh_on_6_March_2025_1.PDF,Digital Financial Fraud,SCC 2014 3 92,,,UNRESOLVED
Manish_vs_The_State_Of_Maharashtra_on_2_April_2025_1.PDF,Digital Financial Fraud,SCC 2000 4 168,,,UNRESOLVED
Manish_vs_The_State_Of_Maharashtra_on_2_April_2025_1.PDF,Digital Financial Fraud,SCC 2019 9 148,,,UNRESOLVED
Manish_vs_The_State_Of_Maharashtra_on_2_April_2025_1.PDF,Digital Financial Fraud,SCC 2024 10 690,,,UNRESOLVED
Manish_vs_The_State_Of_Maharashtra_on_2_April_2025_1.PDF,Digital Financial Fraud,SCC 1973 2 823,Hari_Prasad_Chamaria_vs_Bishun_Kumar_Surekha_And_Ors_on_6_September_1973_1.PDF,Financial Fraud,CROSS_DOMAIN
Manish_vs_The_State_Of_Maharashtra_on_2_April_2025_1.PDF,Digital Financial Fraud,SCC 2023 5 360,,,UNRESOLVED
