citing_file_name,cited_file_name
Sambhu_Nath_Sarkar_vs_The_State_Of_West_Bengal_Ors_on_19_April_1973_1.PDF,A_K_Gopalan_vs_The_State_Of_Madras_Union_Of_India__on_19_May_1950_1.PDF
Maganlal_Chhagganlal_P_Ltd_vs_Municipal_Corporation_Of_Greater_on_11_April_1974_1.PDF,The_State_Of_West_Bengal_vs_Anwar_All_Sarkarhabib_Mohamed_The_on_11_January_1952_1.PDF
Maganlal_Chhagganlal_P_Ltd_vs_Municipal_Corporation_Of_Greater_on_11_April_1974_1.PDF,Lachmandas_Kewalram_Ahujaand_Another_vs_The_State_Of_Bombay_on_20_May_1952_1.PDF
Maganlal_Chhagganlal_P_Ltd_vs_Municipal_Corporation_Of_Greater_on_11_April_1974_1.PDF,Kedar_Nath_Bajoria_vs_The_State_Of_West_Bengal_Hari_Ram_on_22_May_1953_1.PDF
Milan_Banikp_vs_The_State_Of_West_Bengal_Ors_on_26_March_1974_1.PDF,In_Re__Sushanta_Goswami_And_Ors_vs_Unknown_on_17_December_1968_1.PDF
Additional_District_Magistrate_vs_S_S_Shukla_Etc_Etc_on_28_April_1976_1.PDF,A_K_Gopalan_vs_The_State_Of_Madras_Union_Of_India__on_19_May_1950_1.PDF
Additional_District_Magistrate_vs_S_S_Shukla_Etc_Etc_on_28_April_1976_1.PDF,Indira_Nehru_Gandhi_vs_Shri_Raj_Narain_Anr_on_7_November_1975_1.PDF
State_Of_Karnataka_vs_Union_Of_India_Another_on_8_November_1977_1.PDF,A_K_Gopalan_vs_The_State_Of_Madras_Union_Of_India__on_19_May_1950_1.PDF
Maneka_Gandhi_vs_Union_Of_India_on_25_January_1978_1.PDF,A_K_Gopalan_vs_The_State_Of_Madras_Union_Of_India__on_19_May_1950_1.PDF
Maneka_Gandhi_vs_Union_Of_India_on_25_January_1978_1.PDF,The_State_Of_West_Bengal_vs_Anwar_All_Sarkarhabib_Mohamed_The_on_11_January_1952_1.PDF
Maneka_Gandhi_vs_Union_Of_India_on_25_January_1978_1.PDF,Ram_Singh_vs_The_State_Of_Delhi_And_Anotherbalraj_on_6_April_1951_1.PDF
Mrs_Maneka_Gandhi_vs_Union_Of_India_Uoi_And_Anr_on_25_January_1978_1.PDF,A_K_Gopalan_vs_The_State_Of_Madras_Union_Of_India__on_19_May_1950_1.PDF
Mrs_Maneka_Gandhi_vs_Union_Of_India_Uoi_And_Anr_on_25_January_1978_1.PDF,Ram_Singh_vs_The_State_Of_Delhi_And_Anotherbalraj_on_6_April_1951_1.PDF
Sita_Ram_Ors_vs_State_Of_U_P_on_24_January_1979_1.PDF,In_Re__The_Special_Courts_Bill_1978_vs_Unknown_on_1_December_1978_1.PDF
Sita_Ram_Ors_vs_State_Of_U_P_on_24_January_1979_1.PDF,Mrs_Maneka_Gandhi_vs_Union_Of_India_Uoi_And_Anr_on_25_January_1978_1.PDF
Balkishan_A_Devidayal_Etc_vs_State_Of_Maharashtra_Etc_on_31_July_1980_1.PDF,M_P_Sharma_And_Others_vs_Satish_Chandra_District_on_15_March_1954_1.PDF
V_C_Shukla_vs_State_Delhi_Administration_on_11_April_1980_1.PDF,In_Re__The_Special_Courts_Bill_1978_vs_Unknown_on_1_December_1978_1.PDF
V_C_Shukla_vs_State_Delhi_Administration_on_11_April_1980_1.PDF,Indira_Nehru_Gandhi_vs_Shri_Raj_Narain_Anr_on_7_November_1975_1.PDF
V_C_Shukla_vs_State_Delhi_Administration_on_11_April_1980_1.PDF,Syed_Qasim_Razvi_vs_The_State_Of_Hyderabad_And_Others_And_on_19_January_1953_1.PDF
V_C_Shukla_vs_State_Delhi_Administration_on_11_April_1980_1.PDF,The_State_Of_West_Bengal_vs_Anwar_All_Sarkarhabib_Mohamed_The_on_11_January_1952_1.PDF
Air_India_Etc_Etc_vs_Nergesh_Meerza_Ors_Etc_Etc_on_28_August_1981_1.PDF,The_State_Of_West_Bengal_vs_Anwar_All_Sarkarhabib_Mohamed_The_on_11_January_1952_1.PDF
Air_India_Etc_Etc_vs_Nergesh_Meerza_Ors_Etc_Etc_on_28_August_1981_1.PDF,Mrs_Maneka_Gandhi_vs_Union_Of_India_Uoi_And_Anr_on_25_January_1978_1.PDF
A_K_Roy_Etc_vs_Union_Of_India_And_Anr_on_28_December_1981_1.PDF,A_K_Gopalan_vs_The_State_Of_Madras_Union_Of_India__on_19_May_1950_1.PDF
A_K_Roy_Etc_vs_Union_Of_India_And_Anr_on_28_December_1981_1.PDF,Mrs_Maneka_Gandhi_vs_Union_Of_India_Uoi_And_Anr_on_25_January_1978_1.PDF
A_K_Roy_Ors_vs_Union_Of_India_Uoi_And_Ors_on_28_December_1981_1.PDF,A_K_Gopalan_vs_The_State_Of_Madras_Union_Of_India__on_19_May_1950_1.PDF
R_K_Garg_And_Ors_vs_Union_Of_India_Uoi_And_Ors_on_13_November_1981_1.PDF,The_State_Of_West_Bengal_vs_Anwar_All_Sarkarhabib_Mohamed_The_on_11_January_1952_1.PDF
R_K_Garg_Etc_Etc_vs_Union_Of_India_Ors_Etc_on_20_October_1981_1.PDF,The_State_Of_West_Bengal_vs_Anwar_All_Sarkarhabib_Mohamed_The_on_11_January_1952_1.PDF
R_K_Garg_Etc_Etc_vs_Union_Of_India_Ors_Etc_on_20_October_1981_1.PDF,Mrs_Maneka_Gandhi_vs_Union_Of_India_Uoi_And_Anr_on_25_January_1978_1.PDF
Usmanbhai_Dawoodbhai_Menon_Ors_Etc_vs_State_Of_Gujarat_on_14_March_1988_1.PDF,In_Re__The_Special_Courts_Bill_1978_vs_Unknown_on_1_December_1978_1.PDF
Charan_Lal_Sahu_Etc_Etc_vs_Union_Of_India_And_Ors_on_22_December_1989_1.PDF,Mrs_Maneka_Gandhi_vs_Union_Of_India_Uoi_And_Anr_on_25_January_1978_1.PDF
Charan_Lal_Sahu_Etc_Etc_vs_Union_Of_India_And_Ors_on_22_December_1989_1.PDF,In_Re__The_Special_Courts_Bill_1978_vs_Unknown_on_1_December_1978_1.PDF
State_Of_Madhya_Pradesh_vs_Narayan_Singh_Ors_on_25_July_1989_1.PDF,Nathulal_vs_State_Of_Madhya_Pradesh_on_22_March_1965_1.PDF
Delhi_Transport_Corporation_vs_D_T_C_Mazdoor_Congress_on_4_September_1990_1.PDF,Mrs_Maneka_Gandhi_vs_Union_Of_India_Uoi_And_Anr_on_25_January_1978_1.PDF
Govind_Ramji_Jadhav_vs_The_State_Of_Maharashtra_on_7_March_1990_1.PDF,Govind_Ramji_Jadhav_vs_The_State_Of_Maharashtra_on_7_March_1990_1.PDF
Delhi_Judicial_Service_Association_Tis_vs_State_Of_Gujarat_And_Ors_Etc_Etc_on_11_September_1991_1.PDF,Sukhdev_Singh_Sodhi_vs_The_Chief_Justice_And_Judgesof_The_Pepsu_on_25_November_1953_1.PDF
Attorney_General_For_India_vs_Amratlal_Prajivandas_on_12_May_1994_1.PDF,Attorney_General_For_India_vs_Amratlal_Prajivandas_on_12_May_1994_1.PDF
Attorney_General_For_India_vs_Amratlal_Prajivandas_on_12_May_1994_1.PDF,Additional_District_Magistrate_vs_Shivakant_Shukla_on_28_April_1976_1.PDF
Attorney_General_For_India_vs_Amratlal_Prajivandas_on_12_May_1994_1.PDF,R_K_Garg_And_Ors_vs_Union_Of_India_Uoi_And_Ors_on_13_November_1981_1.PDF
Directorate_Of_Enforcement_vs_Deepak_Mahajan_on_31_January_1994_1.PDF,M_P_Sharma_And_Others_vs_Satish_Chandra_District_on_15_March_1954_1.PDF
Hitendra_Vishnu_Thakur_And_Others_Etc_vs_State_Of_Maharashtra_And_Others_on_12_July_1994_1.PDF,The_State_Of_West_Bengal_vs_Anwar_All_Sarkarhabib_Mohamed_The_on_11_January_1952_1.PDF
Hitendra_Vishnu_Thakur_vs_State_Of_Maharashtra_on_12_July_1994_1.PDF,The_State_Of_West_Bengal_vs_Anwar_Ali_Sarkar_on_11_January_1952_1.PDF
Hitendra_Vishnu_Thakur_vs_State_Of_Maharashtra_on_12_July_1994_1.PDF,Kartar_Singh_vs_State_Of_Punjab_on_11_March_1994_1.PDF
Hitendra_Vishnu_Thakur_vs_State_Of_Maharashtra_on_12_July_1994_1.PDF,The_State_Of_West_Bengal_vs_Anwar_All_Sarkarhabib_Mohamed_The_on_11_January_1952_1.PDF
Kartar_Singh_vs_State_Of_Punjab_on_11_March_1994_1.PDF,Nathulal_vs_State_Of_Madhya_Pradesh_on_22_March_1965_1.PDF
Kartar_Singh_vs_State_Of_Punjab_on_11_March_1994_1.PDF,The_State_Of_West_Bengal_vs_Anwar_Ali_Sarkar_on_11_January_1952_1.PDF
Kartar_Singh_vs_State_Of_Punjab_on_11_March_1994_1.PDF,Ram_Chandra_And_Anr_vs_State_Of_Uttar_Pradesh_on_26_November_1956_1.PDF
Kartar_Singh_vs_State_Of_Punjab_on_11_March_1994_1.PDF,In_Re__The_Special_Courts_Bill_1978_vs_Unknown_on_1_December_1978_1.PDF
Kartar_Singh_vs_State_Of_Punjab_on_11_March_1994_1.PDF,Additional_District_Magistrate_vs_Shivakant_Shukla_on_28_April_1976_1.PDF
Kartar_Singh_vs_State_Of_Punjab_on_11_March_1994_1.PDF,Mrs_Maneka_Gandhi_vs_Union_Of_India_Uoi_And_Anr_on_25_January_1978_1.PDF
Kartar_Singh_vs_State_Of_Punjab_on_11_March_1994_1.PDF,The_State_Of_West_Bengal_vs_Anwar_All_Sarkarhabib_Mohamed_The_on_11_January_1952_1.PDF
Kartar_Singh_vs_State_Of_Punjab_on_11_March_1994_1.PDF,M_P_Sharma_And_Others_vs_Satish_Chandra_District_on_15_March_1954_1.PDF
Kartar_Singh_vs_State_Of_Punjab_on_11_March_1994_1.PDF,Kedar_Nath_Bajoria_vs_The_State_Of_West_Bengal_Hari_Ram_on_22_May_1953_1.PDF
Kartar_Singh_vs_State_Of_Punjab_on_11_March_1994_1.PDF,The_State_Of_Bombay_vs_R_M_D_Chamarbaugwala_on_9_April_1957_1.PDF
Kartar_Singh_vs_State_Of_Punjab_on_11_March_1994_1.PDF,Syed_Qasim_Razvi_vs_The_State_Of_Hyderabad_And_Others_And_on_19_January_1953_1.PDF
Kartar_Singh_vs_State_Of_Punjab_on_11_March_1994_1.PDF,A_K_Gopalan_vs_The_State_Of_Madras_Union_Of_India__on_19_May_1950_1.PDF
Manakshi_Bala_vs_Sudhir_Kumar_M_K_Kukherjee_J_on_10_May_1994_1.PDF,Manakshi_Bala_vs_Sudhir_Kumar_M_K_Kukherjee_J_on_10_May_1994_1.PDF
State_Of_Orissa_vs_Rajendra_Prasad_Bharadia_on_13_May_1994_1.PDF,State_Of_Orissa_vs_Rajendra_Prasad_Bharadia_on_13_May_1994_1.PDF
State_Of_W_B_vs_Mohammed_Khalid_on_24_November_1994_1.PDF,Kartar_Singh_vs_State_Of_Punjab_on_11_March_1994_1.PDF
State_Of_W_B_vs_Mohammed_Khalid_on_24_November_1994_1.PDF,Hitendra_Vishnu_Thakur_vs_State_Of_Maharashtra_on_12_July_1994_1.PDF
State_Of_W_B_vs_Mohammed_Khalid_on_24_November_1994_1.PDF,Sunjay_Datt_vs_State_Ii_on_9_September_1994_1.PDF
Sunjay_Datt_vs_State_Ii_on_9_September_1994_1.PDF,Kartar_Singh_vs_State_Of_Punjab_on_11_March_1994_1.PDF
Sunjay_Datt_vs_State_Ii_on_9_September_1994_1.PDF,Hitendra_Vishnu_Thakur_vs_State_Of_Maharashtra_on_12_July_1994_1.PDF
S_C_Legal_Aid_Committee_Representrial_vs_Union_Of_India_on_7_October_1994_1.PDF,Kartar_Singh_vs_State_Of_Punjab_on_11_March_1994_1.PDF
S_R_Bommai_vs_Union_Of_India_on_11_March_1994_1.PDF,Indira_Nehru_Gandhi_vs_Shri_Raj_Narain_Anr_on_7_November_1975_1.PDF
Mrs_Rupan_Deol_Bajaj_Anr_vs_Kanwar_Pal_Singh_Gill_Anr_on_12_October_1995_1.PDF,Mrs_Rupan_Deol_Bajaj_Anr_vs_Kanwar_Pal_Singh_Gill_Anr_on_12_October_1995_1.PDF
Mrs_Rupan_Deol_Bajaj_Anr_vs_Kanwar_Pal_Singh_Gill_Anr_on_12_October_1995_1.PDF,Hitendra_Vishnu_Thakur_vs_State_Of_Maharashtra_on_12_July_1994_1.PDF
Bani_Singh_Ors_vs_State_Of_U_P_on_9_July_1996_1.PDF,Bani_Singh_Ors_vs_State_Of_U_P_on_9_July_1996_1.PDF
State_Of_Andhra_Pradesh_And_Ors_Etc_vs_Mcdowell_Co_And_Ors_Etc_on_21_March_1996_1.PDF,The_State_Of_Bombay_vs_R_M_D_Chamarbaugwala_on_9_April_1957_1.PDF
State_Of_Maharashtra_Etc_Etc_vs_Som_Nath_Thapa_Etc_Etc_on_12_April_1996_1.PDF,State_Of_Maharashtra_Etc_Etc_vs_Som_Nath_Thapa_Etc_Etc_on_12_April_1996_1.PDF
S_Gopal_Reddy_vs_State_Of_Andhra_Pradesh_on_11_July_1996_1.PDF,Ram_Chandra_And_Anr_vs_State_Of_Uttar_Pradesh_on_26_November_1956_1.PDF
S_Gopal_Reddy_vs_State_Of_Andhra_Pradesh_on_11_July_1996_1.PDF,S_Gopal_Reddy_vs_State_Of_Andhra_Pradesh_on_11_July_1996_1.PDF
Union_Of_India_Ors_vs_Major_General_Madan_Lal_Yadav__Retd___on_22_March_1996.PDF,Union_Of_India_Ors_vs_Major_General_Madan_Lal_Yadav__Retd___on_22_March_1996.PDF
K_I_Pavunny_vs_Assistant_Collector_Head_on_3_February_1997_1.PDF,Maqbool_Hussain_vs_The_State_Of_Bombay_Jagjit_Singhv_The_on_17_April_1953_1.PDF
Amanulla_Khan_Kudeatalla_Khan_Pathan_vs_State_Of_Gujarat_Ors_on_28_June_1999_1.PDF,A_K_Gopalan_vs_The_State_Of_Madras_Union_Of_India__on_19_May_1950_1.PDF
B_R_Enterprises_Etc_Etc_vs_State_Of_U_P_And_Grs_Etc__Etc_on_7_May_1999_1.PDF,The_State_Of_Bombay_vs_R_M_D_Chamarbaugwala_on_9_April_1957_1.PDF
B_R_Enterprises_Etc_Etc_vs_State_Of_U_P_And_Grs_Etc__Etc_on_7_May_1999_1.PDF,The_State_Of_West_Bengal_vs_Anwar_All_Sarkarhabib_Mohamed_The_on_11_January_1952_1.PDF
J_Jayalalitha_Etc_Etc_vs_Union_Of_India_And_Anr_on_14_May_1999_1.PDF,The_State_Of_West_Bengal_vs_Anwar_All_Sarkarhabib_Mohamed_The_on_11_January_1952_1.PDF
J_Jayalalitha_Etc_Etc_vs_Union_Of_India_And_Anr_on_14_May_1999_1.PDF,In_Re__The_Special_Courts_Bill_1978_vs_Unknown_on_1_December_1978_1.PDF
J_Jayalalitha_Etc_Etc_vs_Union_Of_India_And_Anr_on_14_May_1999_1.PDF,Kedar_Nath_Bajoria_vs_The_State_Of_West_Bengal_Hari_Ram_on_22_May_1953_1.PDF
J_Jayalalitha_Etc_Etc_vs_Union_Of_India_And_Anr_on_14_May_1999_1.PDF,Lachmandas_Kewalram_Ahujaand_Another_vs_The_State_Of_Bombay_on_20_May_1952_1.PDF
State_Of_Bihar_Anr_vs_Bal_Mukund_Sah_Ors_on_14_March_2000_1.PDF,S_P_Gupta_vs_President_Of_India_And_Ors_on_30_December_1981_1.PDF
Lal_Singh_vs_State_Of_Gujarat_Anr_on_9_January_2001_1.PDF,Kartar_Singh_vs_State_Of_Punjab_on_11_March_1994_1.PDF
Uday_Mohanlal_Acharya_vs_State_Of_Maharashtra_on_29_March_2001_1.PDF,Sunjay_Datt_vs_State_Ii_on_9_September_1994_1.PDF
Uday_Mohanlal_Acharya_vs_State_Of_Maharashtra_on_29_March_2001_1.PDF,Hitendra_Vishnu_Thakur_vs_State_Of_Maharashtra_on_12_July_1994_1.PDF
I_T_C_Limited_vs_Agricultural_Produce_Market_Committee_on_24_January_2002_1.PDF,State_Of_Andhra_Pradesh_And_Ors_Etc_vs_Mcdowell_Co_And_Ors_Etc_on_21_March_1996_1.PDF
M_S_Amco_Batteries_Limited_Bangalore_vs_Collector_Of_Central_Excise_Bangalore_on_26_February_2003_1.PDF,R_Rajagopal_vs_State_Of_T_N_on_7_October_1994_1.PDF
People_S_Union_For_Civil_Liberties_Anr_vs_Union_Of_India_on_16_December_2003.PDF,Nathulal_vs_State_Of_Madhya_Pradesh_on_22_March_1965_1.PDF
People_S_Union_For_Civil_Liberties_Anr_vs_Union_Of_India_on_16_December_2003.PDF,Hitendra_Vishnu_Thakur_vs_State_Of_Maharashtra_on_12_July_1994_1.PDF
People_S_Union_For_Civil_Liberties_Anr_vs_Union_Of_India_on_16_December_2003.PDF,Sunjay_Datt_vs_State_Ii_on_9_September_1994_1.PDF
State_Of_Haryana_vs_Jagbir_Singh_And_Anr_on_26_September_2003_1.PDF,Eradu_And_Ors_vs_State_Of_Hyderabad_on_1_November_1955_1.PDF
Union_Of_India_vs_Prakash_P_Hinduja_Anr_on_7_July_2003_1.PDF,A_K_Roy_Ors_vs_Union_Of_India_Uoi_And_Ors_on_28_December_1981_1.PDF
Daroga_Singh_Ors_vs_B_K_Pandey_on_13_April_2004_1.PDF,Bathina_Ramakrishna_Reddy_vs_The_State_Of_Madras_on_14_February_1952_1.PDF
Ranjitsing_Brahmajeetsing_Sharma_vs_State_Of_Maharashtra_Anr_on_7_April_2005_1.PDF,Kartar_Singh_vs_State_Of_Punjab_on_11_March_1994_1.PDF
Sarbananda_Sonowal_vs_Union_Of_India_Anr_on_12_July_2005_1.PDF,In_Re__The_Special_Courts_Bill_1978_vs_Unknown_on_1_December_1978_1.PDF
Standard_Chartered_Bank_And_Others_vs_Directorate_Of_Enforcement_And_Others_on_24_February_2006_1.PDF,The_State_Of_West_Bengal_vs_Anwar_All_Sarkarhabib_Mohamed_The_on_11_January_1952_1.PDF
Alpesh_Navinchandra_Shah_vs_State_Of_Maharashtra_Ors_on_26_February_2007_1.PDF,R_K_Garg_And_Ors_vs_Union_Of_India_Uoi_And_Ors_on_13_November_1981_1.PDF
Greater_Bombay_Co_Op_Bank_Ltd_vs_M_S_United_Yarn_Tex_Pvt_Ltd_Ors_on_4_April_2007_1.PDF,S_C_Legal_Aid_Committee_Representrial_vs_Union_Of_India_on_7_October_1994_1.PDF
Greater_Bombay_Co_Op_Bank_Ltd_vs_M_S_United_Yarn_Tex_Pvt_Ltd_Ors_on_4_April_2007_1.PDF,State_Of_Andhra_Pradesh_And_Ors_Etc_vs_Mcdowell_Co_And_Ors_Etc_on_21_March_1996_1.PDF
Navjot_Singh_Sidhu_vs_State_Of_Punjab_Anr_on_23_January_2007_1.PDF,Rama_Narang_vs_Ramesh_Narang_Ors_on_19_January_1995_1.PDF
Shanti_Lal_vs_State_Of_M_P_on_8_October_2007_1.PDF,Bashiruddin_Ashraf_vs_The_State_Of_Bihar_on_25_April_1957_1.PDF
Ashoka_Kumar_Thakur_vs_Union_Of_India_Ors_on_10_April_2008_1.PDF,Indira_Nehru_Gandhi_vs_Shri_Raj_Narain_Anr_on_7_November_1975_1.PDF
Ashoka_Kumar_Thakur_vs_Union_Of_India_Ors_on_10_April_2008_1.PDF,A_K_Gopalan_vs_The_State_Of_Madras_Union_Of_India__on_19_May_1950_1.PDF
Ashoka_Kumar_Thakur_vs_Union_Of_India_Ors_on_10_April_2008_1.PDF,The_State_Of_West_Bengal_vs_Anwar_All_Sarkarhabib_Mohamed_The_on_11_January_1952_1.PDF
Som_Mittal_vs_Govt_Of_Karnataka_on_29_January_2008_1.PDF,Mrs_Maneka_Gandhi_vs_Union_Of_India_Uoi_And_Anr_on_25_January_1978_1.PDF
State_Of_Maharashtra_vs_Bharat_Shanti_Lal_Shah_Ors_on_1_September_2008_1.PDF,Kartar_Singh_vs_State_Of_Punjab_on_11_March_1994_1.PDF
M_S_Kranti_Asso_Pvt_Ltd_Anr_vs_Masood_Ahmed_Khan_Ors_on_8_September_2010_1.PDF,Mrs_Maneka_Gandhi_vs_Union_Of_India_Uoi_And_Anr_on_25_January_1978_1.PDF
M_S_M_R_F_Ltd_vs_Manohar_Parrikar_Ors_on_3_May_2010_1.PDF,State_Of_Andhra_Pradesh_And_Ors_Etc_vs_Mcdowell_Co_And_Ors_Etc_on_21_March_1996_1.PDF
Sidhartha_Vashisht_Manu_Sharma_vs_State_Nct_Of_Delhi_on_19_April_2010_1.PDF,Hitendra_Vishnu_Thakur_vs_State_Of_Maharashtra_on_12_July_1994_1.PDF
Sidhartha_Vashisht_Manu_Sharma_vs_State_Nct_Of_Delhi_on_19_April_2010_1.PDF,Kartar_Singh_vs_State_Of_Punjab_on_11_March_1994_1.PDF
State_Of_West_Bengal_Ors_vs_Commtt_For_Protect_Democratic_on_17_February_2010_1.PDF,Mrs_Maneka_Gandhi_vs_Union_Of_India_Uoi_And_Anr_on_25_January_1978_1.PDF
Zameer_Ahmed_Latifur_Rehman_Sheikh_vs_State_Of_Maharashtra_Ors_on_23_April_2010_1.PDF,Kartar_Singh_vs_State_Of_Punjab_on_11_March_1994_1.PDF
Bachni_Devi_Anr_vs_State_Of_Haryana_Th_Secy_Home_Dep_on_8_February_2011_1.PDF,S_Gopal_Reddy_vs_State_Of_Andhra_Pradesh_on_11_July_1996_1.PDF
Chandran_Manichan_Maniyan_vs_State_Of_Kerala_on_4_April_2011_1.PDF,Kartar_Singh_vs_State_Of_Punjab_on_11_March_1994_1.PDF
Chandran_Manichan_Maniyan_vs_State_Of_Kerala_on_4_April_2011_1.PDF,Sunjay_Datt_vs_State_Ii_on_9_September_1994_1.PDF
M_S_Girnar_Traders_vs_State_Of_Maharashtra_Ors_on_11_January_2011_1.PDF,Gauri_Shankar_vs_State_Of_U_P_on_12_August_1993_1.PDF
Rekha_vs_State_Of_T_Nadu_Tr_Sec_To_Govt_Anr_on_5_April_2011_1.PDF,Attorney_General_For_India_vs_Amratlal_Prajivandas_on_12_May_1994_1.PDF
Sri_Indra_Das_vs_State_Of_Assam_on_10_February_2011_1.PDF,Attorney_General_For_India_vs_Amratlal_Prajivandas_on_12_May_1994_1.PDF
Ash_Mohammad_vs_Shiv_Raj_Singh_Lalla_Babu_Anr_on_20_September_2012_1.PDF,Mrs_Harpreet_Kaur_Harvinder_Singh_Bedi_vs_State_Of_Maharashtra_And_Another_on_21_January_1992_1.PDF
Dy_Inspector_Gen_Of_Police_Anr_vs_S_Samuthiram_on_30_November_2012_1.PDF,Mrs_Rupan_Deol_Bajaj_Anr_vs_Kanwar_Pal_Singh_Gill_Anr_on_12_October_1995_1.PDF
Lee_Kun_Hee_Ors_vs_State_Of_U_P_Ors_on_1_February_2012_1.PDF,Mobarik_Ali_Ahmed_vs_The_State_Of_Bombay_on_6_September_1957_1.PDF
Manubhai_Ratilal_Patel_Tr_Ushaben_vs_State_Of_Gujarat_Ors_on_28_September_2012_1.PDF,Sunjay_Datt_vs_State_Ii_on_9_September_1994_1.PDF
Mohd_Hussain_Julfikar_Ali_vs_The_State_Govt_Of_Nct_Delhi_on_11_January_2012_1.PDF,Kartar_Singh_vs_State_Of_Punjab_on_11_March_1994_1.PDF
Ritesh_Sinha_vs_State_Of_U_P_Anr_on_7_December_2012_1.PDF,M_P_Sharma_And_Others_vs_Satish_Chandra_District_on_15_March_1954_1.PDF
Dharmendra_Kirthal_vs_State_Of_U_P_Anr_on_2_August_2013_1.PDF,Kartar_Singh_vs_State_Of_Punjab_on_11_March_1994_1.PDF
Essa_Anjum_Abdul_Razak_Memon_vs_State_Of_Maharashtra_Tr_Stf_Cbi_Mumbai_on_21_March_2013_1.PDF,Sunjay_Datt_vs_State_Ii_on_9_September_1994_1.PDF
Essa_Anjum_Abdul_Razak_Memon_vs_State_Of_Maharashtra_Tr_Stf_Cbi_Mumbai_on_21_March_2013_1.PDF,Hitendra_Vishnu_Thakur_vs_State_Of_Maharashtra_on_12_July_1994_1.PDF
Kamlesh_Prabhudas_Tanna_Anr_vs_State_Of_Gujarat_on_26_August_2013_1.PDF,Bani_Singh_Ors_vs_State_Of_U_P_on_9_July_1996_1.PDF
Lalita_Kumari_vs_Govt_Of_U_P_Ors_on_12_November_2013_1.PDF,Mrs_Maneka_Gandhi_vs_Union_Of_India_Uoi_And_Anr_on_25_January_1978_1.PDF
Sanjay_Dutt_vs_State_Of_Maharashtra_Tr_Cbi_Bombay_on_21_March_2013_1.PDF,Sunjay_Datt_vs_State_Ii_on_9_September_1994_1.PDF
Sanjay_Dutt_vs_State_Of_Maharashtra_Tr_Cbi_Bombay_on_21_March_2013_1.PDF,Kartar_Singh_vs_State_Of_Punjab_on_11_March_1994_1.PDF
State_Of_Maharashtra_Anr_vs_Indian_Hotel_Retaurants_Assn_Ors_on_16_July_2013_1.PDF,Mrs_Maneka_Gandhi_vs_Union_Of_India_Uoi_And_Anr_on_25_January_1978_1.PDF
State_Of_Maharashtra_Anr_vs_Indian_Hotel_Retaurants_Assn_Ors_on_16_July_2013_1.PDF,Kedar_Nath_Bajoria_vs_The_State_Of_West_Bengal_Hari_Ram_on_22_May_1953_1.PDF
State_Rep_By_Insepctor_Of_vs_N_S_Gnaneswaran_on_9_January_2013_1.PDF,Bhagwan_Singh_vs_The_State_Of_Rajasthan_on_14_August_1975_1.PDF
State_Rep_By_Insepctor_Of_vs_N_S_Gnaneswaran_on_9_January_2013_1.PDF,Mrs_Maneka_Gandhi_vs_Union_Of_India_Uoi_And_Anr_on_25_January_1978_1.PDF
Subhash_Popatlal_Dave_vs_Union_Of_India_Anr_on_16_July_2013_1.PDF,Union_Of_India_Ors_vs_Major_General_Madan_Lal_Yadav__Retd___on_22_March_1996.PDF
Suresh_Kumar_Koushal_Anr_vs_Naz_Foundation_Ors_on_11_December_2013_1.PDF,Mrs_Maneka_Gandhi_vs_Union_Of_India_Uoi_And_Anr_on_25_January_1978_1.PDF
Suresh_Kumar_Koushal_Anr_vs_Naz_Foundation_Ors_on_11_December_2013_1.PDF,Kartar_Singh_vs_State_Of_Punjab_on_11_March_1994_1.PDF
Suresh_Kumar_Koushal_Anr_vs_Naz_Foundation_Ors_on_11_December_2013_1.PDF,In_Re__The_Special_Courts_Bill_1978_vs_Unknown_on_1_December_1978_1.PDF
Suresh_Kumar_Koushal_Anr_vs_Naz_Foundation_Ors_on_11_December_2013_1.PDF,A_K_Gopalan_vs_The_State_Of_Madras_Union_Of_India__on_19_May_1950_1.PDF
Yakub_Abdul_Razak_Memon_vs_State_Of_Maharashtra_Th_Cbi_Mumbai_on_21_March_2013_1.PDF,Rama_Narang_vs_Ramesh_Narang_Ors_on_19_January_1995_1.PDF
Yakub_Abdul_Razak_Memon_vs_State_Of_Maharashtra_Th_Cbi_Mumbai_on_21_March_2013_1.PDF,Sunjay_Datt_vs_State_Ii_on_9_September_1994_1.PDF
Yakub_Abdul_Razak_Memon_vs_State_Of_Maharashtra_Th_Cbi_Mumbai_on_21_March_2013_1.PDF,Hitendra_Vishnu_Thakur_vs_State_Of_Maharashtra_on_12_July_1994_1.PDF
Yakub_Abdul_Razak_Memon_vs_State_Of_Maharashtra_Th_Cbi_Mumbai_on_21_March_2013_1.PDF,Kartar_Singh_vs_State_Of_Punjab_on_11_March_1994_1.PDF
Biswanath_Bhattacharya_vs_Union_Of_India_Ors_on_21_January_2014_1.PDF,Attorney_General_For_India_vs_Amratlal_Prajivandas_on_12_May_1994_1.PDF
Madras_Bar_Association_vs_Union_Of_India_Anr_on_25_September_2014_1.PDF,In_Re__The_Special_Courts_Bill_1978_vs_Unknown_on_1_December_1978_1.PDF
State_Of_Nct_Of_Delhi_vs_Sanjay_on_4_September_2014_1.PDF,Maqbool_Hussain_vs_The_State_Of_Bombay_Jagjit_Singhv_The_on_17_April_1953_1.PDF
Bhadresh_Bipinbhai_Sheth_vs_State_Of_Gujarat_Anr_on_1_September_2015_1.PDF,Mrs_Maneka_Gandhi_vs_Union_Of_India_Uoi_And_Anr_on_25_January_1978_1.PDF
Devidas_Ramachandra_Tuljapurkar_vs_State_Of_Maharashtra_Ors_on_14_May_2015_1.PDF,Mrs_Maneka_Gandhi_vs_Union_Of_India_Uoi_And_Anr_on_25_January_1978_1.PDF
Krishna_Bhatacharjee_vs_Sarathi_Choudhury_And_Anr_on_20_November_2015_1.PDF,Jeet_Singh_And_Ors_vs_State_Of_U_P_And_Ors_on_25_November_1992_1.PDF
Prasad_Shrikant_Purohit_vs_State_Of_Maharashtra_Anr_on_15_April_2015_1.PDF,State_Of_W_B_vs_Mohammed_Khalid_on_24_November_1994_1.PDF
Prasad_Shrikant_Purohit_vs_State_Of_Maharashtra_Anr_on_15_April_2015_1.PDF,R_R_Chari_vs_The_State_Of_Uttar_Pradesh_on_19_March_1951_1.PDF
Rajdeep_Sardesai_vs_State_Of_A_P_Ors_on_14_May_2015_1.PDF,R_Rajagopal_vs_State_Of_T_N_on_7_October_1994_1.PDF
Shreya_Singhal_vs_U_O_I_on_24_March_2015_1.PDF,Kartar_Singh_vs_State_Of_Punjab_on_11_March_1994_1.PDF
Shreya_Singhal_vs_U_O_I_on_24_March_2015_1.PDF,R_Rajagopal_vs_State_Of_T_N_on_7_October_1994_1.PDF
Supreme_Court_Advocates_On_Record_vs_Union_Of_India_on_16_October_2015_1.PDF,S_P_Gupta_vs_President_Of_India_And_Ors_on_30_December_1981_1.PDF
Supreme_Court_Advocates_On_Record_vs_Union_Of_India_on_16_October_2015_1.PDF,Additional_District_Magistrate_vs_Shivakant_Shukla_on_28_April_1976_1.PDF
Supreme_Court_Advocates_On_Record_vs_Union_Of_India_on_16_October_2015_1.PDF,In_Re__The_Special_Courts_Bill_1978_vs_Unknown_on_1_December_1978_1.PDF
Supreme_Court_Advocates_On_Record_vs_Union_Of_India_on_16_October_2015_1.PDF,Kartar_Singh_vs_State_Of_Punjab_on_11_March_1994_1.PDF
Supreme_Court_Advocates_On_Record_vs_Union_Of_India_on_16_October_2015_1.PDF,R_K_Garg_And_Ors_vs_Union_Of_India_Uoi_And_Ors_on_13_November_1981_1.PDF
Supreme_Court_Advocates_On_Record_vs_Union_Of_India_on_16_October_2015_1.PDF,State_Of_Andhra_Pradesh_And_Ors_Etc_vs_Mcdowell_Co_And_Ors_Etc_on_21_March_1996_1.PDF
Supreme_Court_Advocates_On_Record_vs_Union_Of_India_on_16_October_2015_1.PDF,Mrs_Maneka_Gandhi_vs_Union_Of_India_Uoi_And_Anr_on_25_January_1978_1.PDF
Supreme_Court_Advocates_On_Record_vs_Union_Of_India_on_16_October_2015_1.PDF,The_State_Of_West_Bengal_vs_Anwar_All_Sarkarhabib_Mohamed_The_on_11_January_1952_1.PDF
Supreme_Court_Advocates_On_Record_vs_Union_Of_India_on_16_October_2015_1.PDF,A_K_Gopalan_vs_The_State_Of_Madras_Union_Of_India__on_19_May_1950_1.PDF
Extra_Judl_Exec_Victim_Families_vs_Union_Of_India_Anr_on_13_July_2016_1.PDF,Balbir_Singh_vs_State_Of_Punjab_on_10_November_1994_1.PDF
Hiral_P_Harsora_And_Ors_vs_Kusum_Narottamdas_Harsora_And_Ors_on_6_October_2016_1.PDF,In_Re__The_Special_Courts_Bill_1978_vs_Unknown_on_1_December_1978_1.PDF
Hiral_P_Harsora_And_Ors_vs_Kusum_Narottamdas_Harsora_And_Ors_on_6_October_2016_1.PDF,Mrs_Maneka_Gandhi_vs_Union_Of_India_Uoi_And_Anr_on_25_January_1978_1.PDF
Mohd_Jalees_Ansari_Ors_vs_Central_Bureau_Of_Investigation_on_11_May_2016_1.PDF,Hitendra_Vishnu_Thakur_vs_State_Of_Maharashtra_on_12_July_1994_1.PDF
Ajitsinh_Arjunsinh_Gohil_vs_Bar_Council_Of_Gujarat_And_Anr_on_6_April_2017_1.PDF,S_Gopal_Reddy_vs_State_Of_Andhra_Pradesh_on_11_July_1996_1.PDF
Independent_Thought_vs_Union_Of_India_on_11_October_2017_1.PDF,Mrs_Maneka_Gandhi_vs_Union_Of_India_Uoi_And_Anr_on_25_January_1978_1.PDF
Independent_Thought_vs_Union_Of_India_on_11_October_2017_1.PDF,State_Of_Andhra_Pradesh_And_Ors_Etc_vs_Mcdowell_Co_And_Ors_Etc_on_21_March_1996_1.PDF
Justice_K_S_Puttaswamy_Retd_And_Anr_vs_Union_Of_India_And_Ors_on_24_August_2017_1.PDF,Additional_District_Magistrate_vs_Shivakant_Shukla_on_28_April_1976_1.PDF
Justice_K_S_Puttaswamy_Retd_And_Anr_vs_Union_Of_India_And_Ors_on_24_August_2017_1.PDF,Mrs_Maneka_Gandhi_vs_Union_Of_India_Uoi_And_Anr_on_25_January_1978_1.PDF
Justice_K_S_Puttaswamy_Retd_And_Anr_vs_Union_Of_India_And_Ors_on_24_August_2017_1.PDF,R_Rajagopal_vs_State_Of_T_N_on_7_October_1994_1.PDF
Justice_K_S_Puttaswamy_Retd_And_Anr_vs_Union_Of_India_And_Ors_on_24_August_2017_1.PDF,R_K_Garg_And_Ors_vs_Union_Of_India_Uoi_And_Ors_on_13_November_1981_1.PDF
Justice_K_S_Puttaswamy_Retd_And_Anr_vs_Union_Of_India_And_Ors_on_24_August_2017_1.PDF,State_Of_Andhra_Pradesh_And_Ors_Etc_vs_Mcdowell_Co_And_Ors_Etc_on_21_March_1996_1.PDF
Justice_K_S_Puttaswamy_Retd_And_Anr_vs_Union_Of_India_And_Ors_on_24_August_2017_1.PDF,M_P_Sharma_And_Others_vs_Satish_Chandra_District_on_15_March_1954_1.PDF
Justice_K_S_Puttaswamy_Retd_And_Anr_vs_Union_Of_India_And_Ors_on_24_August_2017_1.PDF,A_K_Gopalan_vs_The_State_Of_Madras_Union_Of_India__on_19_May_1950_1.PDF
Justice_K_S_Puttaswamy_Retd_And_Anr_vs_Union_Of_India_And_Ors_on_24_August_2017_1.PDF,The_State_Of_West_Bengal_vs_Anwar_All_Sarkarhabib_Mohamed_The_on_11_January_1952_1.PDF
Ms_Eera_Through_Dr_Manjula_vs_State_Govt_Of_Nct_Of_Delhi_on_21_July_2017_1.PDF,S_Gopal_Reddy_vs_State_Of_Andhra_Pradesh_on_11_July_1996_1.PDF
Rakesh_Kumar_Paul_vs_State_Of_Assam_on_16_August_2017_1.PDF,Sunjay_Datt_vs_State_Ii_on_9_September_1994_1.PDF
Rakesh_Kumar_Paul_vs_State_Of_Assam_on_16_August_2017_1.PDF,Hitendra_Vishnu_Thakur_vs_State_Of_Maharashtra_on_12_July_1994_1.PDF
Shayara_Bano_vs_Union_Of_India_And_Ors_Ministry_Of_Women_on_22_August_2017_1.PDF,Mrs_Maneka_Gandhi_vs_Union_Of_India_Uoi_And_Anr_on_25_January_1978_1.PDF
Shayara_Bano_vs_Union_Of_India_And_Ors_Ministry_Of_Women_on_22_August_2017_1.PDF,State_Of_Andhra_Pradesh_And_Ors_Etc_vs_Mcdowell_Co_And_Ors_Etc_on_21_March_1996_1.PDF
Shayara_Bano_vs_Union_Of_India_And_Ors_Ministry_Of_Women_on_22_August_2017_1.PDF,A_K_Gopalan_vs_The_State_Of_Madras_Union_Of_India__on_19_May_1950_1.PDF
State_Nct_Of_Delhi_vs_Brijesh_Singh_Arun_Kumar_on_9_October_2017_1.PDF,The_State_Of_Bombay_vs_R_M_D_Chamarbaugwala_on_9_April_1957_1.PDF
Asian_Resurfacing_Of_Road_Agency_P_Ltd_vs_Central_Bureau_Of_Investigation_on_28_March_2018_1.PDF,Kartar_Singh_vs_State_Of_Punjab_on_11_March_1994_1.PDF
Asian_Resurfacing_Of_Road_Agency_P_Ltd_vs_Central_Bureau_Of_Investigation_on_28_March_2018_1.PDF,A_K_Gopalan_vs_The_State_Of_Madras_Union_Of_India__on_19_May_1950_1.PDF
Common_Cause_A_Regd_Society_vs_Union_Of_India_on_9_March_2018_1.PDF,Mrs_Maneka_Gandhi_vs_Union_Of_India_Uoi_And_Anr_on_25_January_1978_1.PDF
Dr_Subhash_Kashinath_Mahajan_vs_The_State_Of_Maharashtra_on_20_March_2018_1.PDF,Mrs_Maneka_Gandhi_vs_Union_Of_India_Uoi_And_Anr_on_25_January_1978_1.PDF
Dr_Subhash_Kashinath_Mahajan_vs_The_State_Of_Maharashtra_on_20_March_2018_1.PDF,Kartar_Singh_vs_State_Of_Punjab_on_11_March_1994_1.PDF
Dr_Subhash_Kashinath_Mahajan_vs_The_State_Of_Maharashtra_on_20_March_2018_1.PDF,Indira_Nehru_Gandhi_vs_Shri_Raj_Narain_Anr_on_7_November_1975_1.PDF
Indore_Development_Authority_vs_Shailendra_Dead_Through_Its_Lrs_And_on_8_February_2018_1.PDF,S_P_Gupta_vs_President_Of_India_And_Ors_on_30_December_1981_1.PDF
Joseph_Shine_vs_Union_Of_India_on_27_September_2018_1.PDF,Mrs_Maneka_Gandhi_vs_Union_Of_India_Uoi_And_Anr_on_25_January_1978_1.PDF
Joseph_Shine_vs_Union_Of_India_on_27_September_2018_1.PDF,State_Of_Andhra_Pradesh_And_Ors_Etc_vs_Mcdowell_Co_And_Ors_Etc_on_21_March_1996_1.PDF
Justice_K_S_Puttaswamy_Retd_vs_Union_Of_India_on_26_September_2018_1.PDF,R_K_Garg_And_Ors_vs_Union_Of_India_Uoi_And_Ors_on_13_November_1981_1.PDF
Justice_K_S_Puttaswamy_Retd_vs_Union_Of_India_on_26_September_2018_1.PDF,State_Of_Andhra_Pradesh_And_Ors_Etc_vs_Mcdowell_Co_And_Ors_Etc_on_21_March_1996_1.PDF
Justice_K_S_Puttaswamy_Retd_vs_Union_Of_India_on_26_September_2018_1.PDF,Mrs_Maneka_Gandhi_vs_Union_Of_India_Uoi_And_Anr_on_25_January_1978_1.PDF
Justice_K_S_Puttaswamy_Retd_vs_Union_Of_India_on_26_September_2018_1.PDF,Additional_District_Magistrate_vs_Shivakant_Shukla_on_28_April_1976_1.PDF
Justice_K_S_Puttaswamy_Retd_vs_Union_Of_India_on_26_September_2018_1.PDF,M_P_Sharma_And_Others_vs_Satish_Chandra_District_on_15_March_1954_1.PDF
Justice_K_S_Puttaswamy_Retd_vs_Union_Of_India_on_26_September_2018_1.PDF,A_K_Gopalan_vs_The_State_Of_Madras_Union_Of_India__on_19_May_1950_1.PDF
Lok_Prahari_vs_Election_Commission_Of_India_on_26_September_2018_1.PDF,Rama_Narang_vs_Ramesh_Narang_Ors_on_19_January_1995_1.PDF
Navtej_Singh_Johar_vs_Union_Of_India_Ministry_Of_Law_And_on_6_September_2018_1.PDF,Mrs_Maneka_Gandhi_vs_Union_Of_India_Uoi_And_Anr_on_25_January_1978_1.PDF
Navtej_Singh_Johar_vs_Union_Of_India_Ministry_Of_Law_And_on_6_September_2018_1.PDF,R_Rajagopal_vs_State_Of_T_N_on_7_October_1994_1.PDF
Rambeer_Shokeen_vs_State_Of_Nct_Of_Delhi_on_31_January_2018_1.PDF,Hitendra_Vishnu_Thakur_vs_State_Of_Maharashtra_on_12_July_1994_1.PDF
Rambeer_Shokeen_vs_State_Of_Nct_Of_Delhi_on_31_January_2018_1.PDF,Sunjay_Datt_vs_State_Ii_on_9_September_1994_1.PDF
Central_Bureau_Of_Investigation_vs_Mohd_Parvez_Abdul_Kayuum_on_5_July_2019_1.PDF,Kartar_Singh_vs_State_Of_Punjab_on_11_March_1994_1.PDF
Dipakbhai_Jagdishchndra_Patel_vs_The_State_Of_Gujarat_on_24_April_2019_1.PDF,M_P_Sharma_And_Others_vs_Satish_Chandra_District_on_15_March_1954_1.PDF
Indian_Hotel_And_Restaurant_vs_The_State_Of_Maharashtra_Home_on_17_January_2019_1.PDF,Mrs_Maneka_Gandhi_vs_Union_Of_India_Uoi_And_Anr_on_25_January_1978_1.PDF
Indian_Hotel_And_Restaurant_vs_The_State_Of_Maharashtra_Home_on_17_January_2019_1.PDF,State_Of_Andhra_Pradesh_And_Ors_Etc_vs_Mcdowell_Co_And_Ors_Etc_on_21_March_1996_1.PDF
Indian_Hotel_And_Restaurant_vs_The_State_Of_Maharashtra_Home_on_17_January_2019_1.PDF,The_State_Of_Bombay_vs_R_M_D_Chamarbaugwala_on_9_April_1957_1.PDF
M_Siddiq_D_Thr_Lrs_vs_Mahant_Suresh_Das_Ors_on_9_November_2019_1.PDF,Dr_M_Ismail_Frauqui_And_Ors_vs_Union_Of_India_Uoi_And_Ors_on_24_October_1994_1.PDF
M_Siddiq_D_Thr_Lrs_vs_Mahant_Suresh_Das_Ors_on_9_November_2019_1.PDF,Indira_Nehru_Gandhi_vs_Shri_Raj_Narain_Anr_on_7_November_1975_1.PDF
National_Investigation_Agency_vs_Zahoor_Ahmad_Shah_Watali_on_2_April_2019_1.PDF,Hitendra_Vishnu_Thakur_vs_State_Of_Maharashtra_on_12_July_1994_1.PDF
National_Investigation_Agency_vs_Zahoor_Ahmad_Shah_Watali_on_2_April_2019_1.PDF,Kartar_Singh_vs_State_Of_Punjab_on_11_March_1994_1.PDF
Union_Of_India_vs_The_State_Of_Maharashtra_on_1_October_2019_1.PDF,Kartar_Singh_vs_State_Of_Punjab_on_11_March_1994_1.PDF
Union_Of_India_vs_The_State_Of_Maharashtra_on_1_October_2019_1.PDF,Bonkya_Alias_Bharatshivaji_Mane_And_Ors_vs_State_Of_Maharashtra_on_27_September_1995_1.PDF
Vinubhai_Haribhai_Malaviya_vs_The_State_Of_Gujarat_on_16_October_2019_1.PDF,Mrs_Maneka_Gandhi_vs_Union_Of_India_Uoi_And_Anr_on_25_January_1978_1.PDF
Bikramjit_Singh_vs_The_State_Of_Punjab_on_12_October_2020_1.PDF,Hitendra_Vishnu_Thakur_vs_State_Of_Maharashtra_on_12_July_1994_1.PDF
Bikramjit_Singh_vs_The_State_Of_Punjab_on_12_October_2020_1.PDF,Sunjay_Datt_vs_State_Ii_on_9_September_1994_1.PDF
Jayant_vs_The_State_Of_Madhya_Pradesh_on_3_December_2020_1.PDF,State_Of_W_B_vs_Mohammed_Khalid_on_24_November_1994_1.PDF
Mukesh_Singh_vs_State_Narcotic_Branch_Of_Delhi_on_31_August_2020_1.PDF,Bhagwan_Singh_vs_The_State_Of_Rajasthan_on_14_August_1975_1.PDF
Mukesh_Singh_vs_State_Narcotic_Branch_Of_Delhi_on_31_August_2020_1.PDF,Mrs_Maneka_Gandhi_vs_Union_Of_India_Uoi_And_Anr_on_25_January_1978_1.PDF
Pandurang_Ganpati_Chaugule_vs_Vishwasrao_Patil_Murgud_Sahakari_Bank_on_5_May_2020_1.PDF,State_Of_Andhra_Pradesh_And_Ors_Etc_vs_Mcdowell_Co_And_Ors_Etc_on_21_March_1996_1.PDF
Vinodchandra_Sakarlal_Kapadia_vs_State_Of_Gujarat_on_15_June_2020_1.PDF,Kartar_Singh_vs_State_Of_Punjab_on_11_March_1994_1.PDF
Ajit_Mohan_vs_Legislative_Assembly_National_on_8_July_2021_1.PDF,Mrs_Maneka_Gandhi_vs_Union_Of_India_Uoi_And_Anr_on_25_January_1978_1.PDF
Ajit_Mohan_vs_Legislative_Assembly_National_on_8_July_2021_1.PDF,Kartar_Singh_vs_State_Of_Punjab_on_11_March_1994_1.PDF
Ajit_Mohan_vs_Legislative_Assembly_National_on_8_July_2021_1.PDF,A_K_Gopalan_vs_The_State_Of_Madras_Union_Of_India__on_19_May_1950_1.PDF
Gaurav_Kumar_Bansal_vs_Union_Of_India_on_30_June_2021_1.PDF,R_K_Garg_And_Ors_vs_Union_Of_India_Uoi_And_Ors_on_13_November_1981_1.PDF
Lakhvir_Singh_Etc_vs_The_State_Of_Punjab_on_19_January_2021_1.PDF,Superintendent_Central_Excise_vs_Bahubali_on_5_October_1978_1.PDF
Neena_Aneja_vs_Jai_Prakash_Associates_Ltd_on_16_March_2021_1.PDF,Hitendra_Vishnu_Thakur_vs_State_Of_Maharashtra_on_12_July_1994_1.PDF
Pradeep_S_Wodeyar_vs_The_State_Of_Karnataka_on_29_November_2021_1.PDF,State_Of_W_B_vs_Mohammed_Khalid_on_24_November_1994_1.PDF
Rajasthan_Rajya_Vidyut_Prasaran_Nigam_vs_Anil_Kanwariya_on_17_September_2021_1.PDF,Union_Of_India_Ors_vs_Major_General_Madan_Lal_Yadav__Retd___on_22_March_1996.PDF
Union_Of_India_vs_K_A_Najeeb_on_1_February_2021_1.PDF,Kartar_Singh_vs_State_Of_Punjab_on_11_March_1994_1.PDF
Union_Of_India_vs_K_A_Najeeb_on_1_February_2021_1.PDF,S_C_Legal_Aid_Committee_Representrial_vs_Union_Of_India_on_7_October_1994_1.PDF
Dhananjay_Rai_Guddu_Rai_vs_The_State_Of_Bihar_on_14_July_2022_1.PDF,Bani_Singh_Ors_vs_State_Of_U_P_on_9_July_1996_1.PDF
Rajesh_Prasad_vs_The_State_Of_Bihar_And_Anr_Etc_on_7_January_2022_1.PDF,State_Of_U_P_vs_Pheru_Singh_And_Ors_on_16_March_1989_1.PDF
Satender_Kumar_Antil_vs_Central_Bureau_Of_Investigation_on_11_July_2022_1.PDF,Mrs_Maneka_Gandhi_vs_Union_Of_India_Uoi_And_Anr_on_25_January_1978_1.PDF
Satender_Kumar_Antil_vs_Central_Bureau_Of_Investigation_on_11_July_2022_1.PDF,S_C_Legal_Aid_Committee_Representrial_vs_Union_Of_India_on_7_October_1994_1.PDF
Satender_Kumar_Antil_vs_Central_Bureau_Of_Investigation_on_11_July_2022_1.PDF,Kartar_Singh_vs_State_Of_Punjab_on_11_March_1994_1.PDF
Union_Of_India_vs_M_S_Ganpati_Dealcom_Pvt_Ltd_Tthrough_on_23_August_2022_1.PDF,Nathulal_vs_State_Of_Madhya_Pradesh_on_22_March_1965_1.PDF
Union_Of_India_vs_M_S_Ganpati_Dealcom_Pvt_Ltd_Tthrough_on_23_August_2022_1.PDF,R_Rajagopal_Reddy_vs_Padmini_Chandrasekharan_on_31_January_1995_1.PDF
Union_Of_India_vs_M_S_Ganpati_Dealcom_Pvt_Ltd_Tthrough_on_23_August_2022_1.PDF,Mrs_Maneka_Gandhi_vs_Union_Of_India_Uoi_And_Anr_on_25_January_1978_1.PDF
Union_Of_India_vs_M_S_Ganpati_Dealcom_Pvt_Ltd_Tthrough_on_23_August_2022_1.PDF,State_Of_Andhra_Pradesh_And_Ors_Etc_vs_Mcdowell_Co_And_Ors_Etc_on_21_March_1996_1.PDF
X_vs_The_Principal_Secretary_Health_And_on_29_September_2022_1.PDF,S_Gopal_Reddy_vs_State_Of_Andhra_Pradesh_on_11_July_1996_1.PDF
Zakir_Abdul_Mirajkar_vs_The_State_Of_Maharashtra_on_24_August_2022_1.PDF,Kartar_Singh_vs_State_Of_Punjab_on_11_March_1994_1.PDF
Arup_Bhuyan_vs_The_State_Of_Assam_Home_Department_on_24_March_2023_1.PDF,Kartar_Singh_vs_State_Of_Punjab_on_11_March_1994_1.PDF
Arup_Bhuyan_vs_The_State_Of_Assam_Home_Department_on_24_March_2023_1.PDF,Jamaat_E_Islami_Hind_vs_Union_Of_India_on_7_December_1994_1.PDF
Arup_Bhuyan_vs_The_State_Of_Assam_Home_Department_on_24_March_2023_1.PDF,R_K_Garg_And_Ors_vs_Union_Of_India_Uoi_And_Ors_on_13_November_1981_1.PDF
Arup_Bhuyan_vs_The_State_Of_Assam_Home_Department_on_24_March_2023_1.PDF,Mrs_Maneka_Gandhi_vs_Union_Of_India_Uoi_And_Anr_on_25_January_1978_1.PDF
Arup_Bhuyan_vs_The_State_Of_Assam_Home_Department_on_24_March_2023_1.PDF,The_State_Of_Bombay_vs_R_M_D_Chamarbaugwala_on_9_April_1957_1.PDF
Jitendra_Kumar_Rode_vs_Union_Of_India_on_24_April_2023_1.PDF,Bani_Singh_Ors_vs_State_Of_U_P_on_9_July_1996_1.PDF
Kaushal_Kishor_vs_The_State_Of_Uttar_Pradesh_Govt_Of_U_P_on_3_January_2023_1.PDF,R_Rajagopal_vs_State_Of_T_N_on_7_October_1994_1.PDF
Kaushal_Kishor_vs_The_State_Of_Uttar_Pradesh_Govt_Of_U_P_on_3_January_2023_1.PDF,Mrs_Maneka_Gandhi_vs_Union_Of_India_Uoi_And_Anr_on_25_January_1978_1.PDF
Pesala_Nookaraju_vs_The_Government_Of_Andhra_Pradesh_on_16_August_2023_1.PDF,A_K_Roy_Ors_vs_Union_Of_India_Uoi_And_Ors_on_28_December_1981_1.PDF
Ramesh_Chandra_Sharma_vs_The_State_Of_Uttar_Pradesh_on_20_February_2023_1.PDF,State_Of_Andhra_Pradesh_And_Ors_Etc_vs_Mcdowell_Co_And_Ors_Etc_on_21_March_1996_1.PDF
Vernon_vs_The_State_Of_Maharashtra_on_28_July_2023_1.PDF,Hitendra_Vishnu_Thakur_vs_State_Of_Maharashtra_on_12_July_1994_1.PDF
Mohd_Abdul_Samad_vs_The_State_Of_Telangana_on_10_July_2024_1.PDF,Mrs_Maneka_Gandhi_vs_Union_Of_India_Uoi_And_Anr_on_25_January_1978_1.PDF
Nipun_Malhotra_vs_Sony_Pictures_Films_India_Private_on_8_July_2024_1.PDF,Mrs_Maneka_Gandhi_vs_Union_Of_India_Uoi_And_Anr_on_25_January_1978_1.PDF
Property_Owners_Association_vs_State_Of_Maharashtra_on_5_November_2024_1.PDF,The_State_Of_West_Bengal_vs_Anwar_Ali_Sarkar_on_11_January_1952_1.PDF
Property_Owners_Association_vs_State_Of_Maharashtra_on_5_November_2024_1.PDF,Mrs_Maneka_Gandhi_vs_Union_Of_India_Uoi_And_Anr_on_25_January_1978_1.PDF
P_Manikandan_vs_Central_Bureau_Of_Investigation_on_19_December_2024_1.PDF,Maqbool_Hussain_vs_The_State_Of_Bombay_Jagjit_Singhv_The_on_17_April_1953_1.PDF
Shajan_Skaria_vs_The_State_Of_Kerala_on_23_August_2024_1.PDF,Hitendra_Vishnu_Thakur_vs_State_Of_Maharashtra_on_12_July_1994_1.PDF
Suhas_Chakma_vs_Union_Of_India_on_23_October_2024_1.PDF,Mrs_Maneka_Gandhi_vs_Union_Of_India_Uoi_And_Anr_on_25_January_1978_1.PDF
Sukanya_Shantha_vs_Union_Of_India_on_3_October_2024_1.PDF,Mrs_Maneka_Gandhi_vs_Union_Of_India_Uoi_And_Anr_on_25_January_1978_1.PDF
